{
  "incumbent_ids": [
    24
  ],
  "rejected_config_ids": [
    2,
    1,
    4,
    5,
    6,
    7,
    8,
    9,
    10,
    11,
    12,
    13,
    14,
    15,
    16,
    17,
    18,
    19,
    20,
    21,
    3,
    23,
    22,
    25,
    26,
    27,
    28,
    29,
    30,
    31,
    32,
    33,
    34,
    35,
    36,
    37,
    38,
    39,
    40,
    41,
    42,
    43,
    44,
    45,
    46,
    47,
    48,
    49,
    50
  ],
  "incumbents_changed": 4,
  "trajectory": [
    {
      "config_ids": [
        1
      ],
      "costs": [
        23853.660363197327
      ],
      "trial": 1,
      "walltime": 1800.5027136802673
    },
    {
      "config_ids": [
        3
      ],
      "costs": [
        21221.20469379425
      ],
      "trial": 3,
      "walltime": 5400.979487657547
    },
    {
      "config_ids": [
        22
      ],
      "costs": [
        20436.93417954445
      ],
      "trial": 22,
      "walltime": 39614.994352817535
    },
    {
      "config_ids": [
        24
      ],
      "costs": [
        19885.884274721146
      ],
      "trial": 24,
      "walltime": 43215.62427544594
    }
  ],
  "state": {
    "queue": [
      [
        50,
        1
      ]
    ]
  }
}