{
  "stats": {
    "submitted": 10,
    "finished": 10,
    "running": 0
  },
  "data": [
    [
      1,
      null,
      209652396,
      null,
      21978.380952835083,
      16979.31925201416,
      1,
      1732140055.5969868,
      1732157034.926583,
      {}
    ],
    [
      2,
      null,
      209652396,
      null,
      19193.179364919662,
      14193.812393188477,
      1,
      1732157034.9423397,
      1732171228.7646856,
      {}
    ],
    [
      3,
      null,
      209652396,
      null,
      11838.44595837593,
      11839.063239097595,
      1,
      1732171230.8551402,
      1732183069.9281867,
      {}
    ],
    [
      4,
      null,
      209652396,
      null,
      8740.888249397278,
      8741.496206760406,
      1,
      1732183069.9478338,
      1732191811.454412,
      {}
    ],
    [
      5,
      null,
      209652396,
      null,
      9389.393793344498,
      9390.024893522263,
      1,
      1732191811.4726226,
      1732201201.5074437,
      {}
    ],
    [
      6,
      null,
      209652396,
      null,
      7945.511370420456,
      7946.1184694767,
      1,
      1732201201.5258489,
      1732209147.6546922,
      {}
    ],
    [
      7,
      null,
      209652396,
      null,
      16583.65798306465,
      16584.26021552086,
      1,
      1732209147.675499,
      1732225731.9455798,
      {}
    ],
    [
      8,
      null,
      209652396,
      null,
      18188.630848407745,
      13189.257424116135,
      1,
      1732225731.9625535,
      1732238921.229854,
      {}
    ],
    [
      9,
      null,
      209652396,
      null,
      8056.538987398148,
      8057.158344745636,
      1,
      1732238921.247723,
      1732246978.4164908,
      {}
    ],
    [
      10,
      null,
      209652396,
      null,
      15763.990872383118,
      15764.614904403687,
      1,
      1732246978.4383857,
      1732262743.063158,
      {}
    ]
  ],
  "configs": {
    "1": {
      "backbone": 1,
      "congruenceands": "false",
      "congruencexors": "true",
      "phase": "true",
      "probeint": 862,
      "restartint": 4956,
      "sweepclauses": 2061531719,
      "target": 2,
      "vivifyirr": 77,
      "congruencexorarity": 10
    },
    "2": {
      "backbone": 2,
      "congruenceands": "true",
      "congruencexors": "false",
      "phase": "false",
      "probeint": 276,
      "restartint": 5973,
      "sweepclauses": 537228092,
      "target": 1,
      "vivifyirr": 9,
      "congruenceandarity": 876
    },
    "3": {
      "backbone": 0,
      "congruenceands": "false",
      "congruencexors": "false",
      "phase": "false",
      "probeint": 36,
      "restartint": 5607,
      "sweepclauses": 1810819215,
      "target": 2,
      "vivifyirr": 71
    },
    "4": {
      "backbone": 1,
      "congruenceands": "false",
      "congruencexors": "false",
      "phase": "true",
      "probeint": 79,
      "restartint": 6000,
      "sweepclauses": 340041433,
      "target": 1,
      "vivifyirr": 29
    },
    "5": {
      "backbone": 2,
      "congruenceands": "true",
      "congruencexors": "false",
      "phase": "true",
      "probeint": 608,
      "restartint": 7034,
      "sweepclauses": 954679991,
      "target": 1,
      "vivifyirr": 4,
      "congruenceandarity": 1000000
    },
    "6": {
      "backbone": 0,
      "congruenceands": "false",
      "congruencexors": "false",
      "phase": "false",
      "probeint": 101,
      "restartint": 6484,
      "sweepclauses": 548342518,
      "target": 1,
      "vivifyirr": 76
    },
    "7": {
      "backbone": 1,
      "congruenceands": "false",
      "congruencexors": "false",
      "phase": "true",
      "probeint": 205,
      "restartint": 8535,
      "sweepclauses": 1099993009,
      "target": 0,
      "vivifyirr": 52
    },
    "8": {
      "backbone": 1,
      "congruenceands": "true",
      "congruencexors": "false",
      "phase": "false",
      "probeint": 440,
      "restartint": 7112,
      "sweepclauses": 1057393875,
      "target": 2,
      "vivifyirr": 88,
      "congruenceandarity": 1000000
    },
    "9": {
      "backbone": 1,
      "congruenceands": "true",
      "congruencexors": "false",
      "phase": "false",
      "probeint": 672,
      "restartint": 5822,
      "sweepclauses": 1086175958,
      "target": 1,
      "vivifyirr": 63,
      "congruenceandarity": 172231
    },
    "10": {
      "backbone": 1,
      "congruenceands": "true",
      "congruencexors": "false",
      "phase": "true",
      "probeint": 615,
      "restartint": 5473,
      "sweepclauses": 799556293,
      "target": 0,
      "vivifyirr": 3,
      "congruenceandarity": 1000000
    }
  },
  "config_origins": {
    "1": "Initial Design: Sobol",
    "2": "Initial Design: Sobol",
    "3": "Acquisition Function Maximizer: Local Search",
    "4": "Acquisition Function Maximizer: Local Search",
    "5": "Acquisition Function Maximizer: Local Search",
    "6": "Acquisition Function Maximizer: Local Search",
    "7": "Acquisition Function Maximizer: Local Search",
    "8": "Acquisition Function Maximizer: Local Search",
    "9": "Acquisition Function Maximizer: Local Search",
    "10": "Acquisition Function Maximizer: Local Search"
  }
}