{
  "incumbent_ids": [
    5
  ],
  "rejected_config_ids": [
    1,
    3,
    4,
    2,
    6,
    7,
    8,
    9,
    10
  ],
  "incumbents_changed": 3,
  "trajectory": [
    {
      "config_ids": [
        1
      ],
      "costs": [
        170621.30509376526
      ],
      "trial": 1,
      "walltime": 90622.43688726425
    },
    {
      "config_ids": [
        2
      ],
      "costs": [
        168282.1749663353
      ],
      "trial": 2,
      "walltime": 178905.54451608658
    },
    {
      "config_ids": [
        5
      ],
      "costs": [
        154130.46671414375
      ],
      "trial": 5,
      "walltime": 437673.03953552246
    }
  ],
  "state": {
    "queue": [
      [
        10,
        1
      ]
    ]
  }
}