{
  "stats": {
    "submitted": 10,
    "finished": 10,
    "running": 0
  },
  "data": [
    [
      1,
      null,
      209652396,
      null,
      170621.30509376526,
      90622.42188668251,
      1,
      1732140055.5936778,
      1732230678.0259295,
      {}
    ],
    [
      2,
      null,
      209652396,
      null,
      168282.1749663353,
      88283.07275676727,
      1,
      1732230678.0489812,
      1732318961.1321583,
      {}
    ],
    [
      3,
      null,
      209652396,
      null,
      168752.13985347748,
      88752.9632487297,
      1,
      1732318963.223228,
      1732407716.1963,
      {}
    ],
    [
      4,
      null,
      209652396,
      null,
      170880.0013346672,
      90880.95015764236,
      1,
      1732407716.2253165,
      1732498597.1854196,
      {}
    ],
    [
      5,
      null,
      209652396,
      null,
      154130.46671414375,
      79131.41349577904,
      1,
      1732498597.2038887,
      1732577728.6272945,
      {}
    ],
    [
      6,
      null,
      209652396,
      null,
      173776.8183851242,
      93777.74885940552,
      1,
      1732577728.64757,
      1732671506.4063406,
      {}
    ],
    [
      7,
      null,
      209652396,
      null,
      176702.34889030457,
      91703.28560519218,
      1,
      1732671506.4257233,
      1732763209.721809,
      {}
    ],
    [
      8,
      null,
      209652396,
      null,
      167804.65788078308,
      87805.59600687027,
      1,
      1732763209.739187,
      1732851015.3451235,
      {}
    ],
    [
      9,
      null,
      209652396,
      null,
      163486.90541124344,
      88487.83670258522,
      1,
      1732851015.3639305,
      1732939503.2105632,
      {}
    ],
    [
      10,
      null,
      209652396,
      null,
      155715.29497933388,
      80716.20979571342,
      1,
      1732939503.2425878,
      1733020219.4629169,
      {}
    ]
  ],
  "configs": {
    "1": {
      "backbone": 1,
      "congruenceands": "false",
      "congruencexors": "true",
      "phase": "true",
      "probeint": 862,
      "restartint": 4956,
      "sweepclauses": 2061531719,
      "target": 2,
      "vivifyirr": 77,
      "congruencexorarity": 10
    },
    "2": {
      "backbone": 2,
      "congruenceands": "true",
      "congruencexors": "false",
      "phase": "false",
      "probeint": 276,
      "restartint": 5973,
      "sweepclauses": 537228092,
      "target": 1,
      "vivifyirr": 9,
      "congruenceandarity": 876
    },
    "3": {
      "backbone": 0,
      "congruenceands": "false",
      "congruencexors": "false",
      "phase": "false",
      "probeint": 36,
      "restartint": 5607,
      "sweepclauses": 1810819215,
      "target": 2,
      "vivifyirr": 71
    },
    "4": {
      "backbone": 1,
      "congruenceands": "false",
      "congruencexors": "false",
      "phase": "true",
      "probeint": 79,
      "restartint": 6000,
      "sweepclauses": 340041433,
      "target": 1,
      "vivifyirr": 29
    },
    "5": {
      "backbone": 2,
      "congruenceands": "true",
      "congruencexors": "false",
      "phase": "true",
      "probeint": 608,
      "restartint": 7034,
      "sweepclauses": 954679991,
      "target": 1,
      "vivifyirr": 4,
      "congruenceandarity": 1000000
    },
    "6": {
      "backbone": 0,
      "congruenceands": "false",
      "congruencexors": "false",
      "phase": "false",
      "probeint": 101,
      "restartint": 6484,
      "sweepclauses": 548342518,
      "target": 1,
      "vivifyirr": 76
    },
    "7": {
      "backbone": 1,
      "congruenceands": "false",
      "congruencexors": "false",
      "phase": "true",
      "probeint": 205,
      "restartint": 8535,
      "sweepclauses": 1099993009,
      "target": 0,
      "vivifyirr": 52
    },
    "8": {
      "backbone": 1,
      "congruenceands": "true",
      "congruencexors": "false",
      "phase": "false",
      "probeint": 440,
      "restartint": 7112,
      "sweepclauses": 1057393875,
      "target": 2,
      "vivifyirr": 88,
      "congruenceandarity": 1000000
    },
    "9": {
      "backbone": 1,
      "congruenceands": "true",
      "congruencexors": "false",
      "phase": "false",
      "probeint": 672,
      "restartint": 5822,
      "sweepclauses": 1086175958,
      "target": 1,
      "vivifyirr": 63,
      "congruenceandarity": 172231
    },
    "10": {
      "backbone": 1,
      "congruenceands": "true",
      "congruencexors": "false",
      "phase": "true",
      "probeint": 615,
      "restartint": 5473,
      "sweepclauses": 799556293,
      "target": 0,
      "vivifyirr": 3,
      "congruenceandarity": 1000000
    }
  },
  "config_origins": {
    "1": "Initial Design: Sobol",
    "2": "Initial Design: Sobol",
    "3": "Acquisition Function Maximizer: Local Search",
    "4": "Acquisition Function Maximizer: Local Search",
    "5": "Acquisition Function Maximizer: Local Search",
    "6": "Acquisition Function Maximizer: Local Search",
    "7": "Acquisition Function Maximizer: Local Search",
    "8": "Acquisition Function Maximizer: Local Search",
    "9": "Acquisition Function Maximizer: Local Search",
    "10": "Acquisition Function Maximizer: Local Search"
  }
}