{
  "incumbent_ids": [
    5
  ],
  "rejected_config_ids": [
    1,
    2,
    4,
    3,
    6,
    7,
    8,
    9,
    10
  ],
  "incumbents_changed": 4,
  "trajectory": [
    {
      "config_ids": [
        1
      ],
      "costs": [
        10824.984214544296
      ],
      "trial": 1,
      "walltime": 10825.69722032547
    },
    {
      "config_ids": [
        2
      ],
      "costs": [
        8160.469410896301
      ],
      "trial": 2,
      "walltime": 18986.911555051804
    },
    {
      "config_ids": [
        3
      ],
      "costs": [
        8099.3815088272095
      ],
      "trial": 3,
      "walltime": 27089.06673669815
    },
    {
      "config_ids": [
        5
      ],
      "costs": [
        5312.790579080582
      ],
      "trial": 5,
      "walltime": 42994.31910324097
    }
  ],
  "state": {
    "queue": [
      [
        10,
        1
      ]
    ]
  }
}