{
  "stats": {
    "submitted": 10,
    "finished": 10,
    "running": 0
  },
  "data": [
    [
      1,
      null,
      209652396,
      null,
      10824.984214544296,
      10825.681791067123,
      1,
      1732720505.6277916,
      1732731331.3199618,
      {}
    ],
    [
      2,
      null,
      209652396,
      null,
      8160.469410896301,
      8161.177006244659,
      1,
      1732731331.3463953,
      1732739492.5333667,
      {}
    ],
    [
      3,
      null,
      209652396,
      null,
      8099.3815088272095,
      8100.039820194244,
      1,
      1732739494.6390038,
      1732747594.688619,
      {}
    ],
    [
      4,
      null,
      209652396,
      null,
      10591.113433361053,
      10591.753567934036,
      1,
      1732747594.7036312,
      1732758186.4675395,
      {}
    ],
    [
      5,
      null,
      209652396,
      null,
      5312.790579080582,
      5313.4337956905365,
      1,
      1732758186.4972477,
      1732763499.9410307,
      {}
    ],
    [
      6,
      null,
      209652396,
      null,
      34377.273821115494,
      24377.888494491577,
      1,
      1732763499.960625,
      1732787877.8595033,
      {}
    ],
    [
      7,
      null,
      209652396,
      null,
      65667.46895003319,
      35668.19964838028,
      1,
      1732787877.876392,
      1732823546.0858982,
      {}
    ],
    [
      8,
      null,
      209652396,
      null,
      10655.072626113892,
      10655.715621471405,
      1,
      1732823546.1031208,
      1732834201.8286126,
      {}
    ],
    [
      9,
      null,
      209652396,
      null,
      11723.61400794983,
      11724.230374336243,
      1,
      1732834201.847198,
      1732845926.0880022,
      {}
    ],
    [
      10,
      null,
      209652396,
      null,
      59638.8758354187,
      34639.587731838226,
      1,
      1732845926.1073458,
      1732880565.704947,
      {}
    ]
  ],
  "configs": {
    "1": {
      "backbone": 1,
      "congruenceands": "false",
      "congruencexors": "true",
      "phase": "true",
      "probeint": 862,
      "restartint": 4956,
      "sweepclauses": 2061531719,
      "target": 2,
      "vivifyirr": 77,
      "congruencexorarity": 10
    },
    "2": {
      "backbone": 2,
      "congruenceands": "true",
      "congruencexors": "false",
      "phase": "false",
      "probeint": 276,
      "restartint": 5973,
      "sweepclauses": 537228092,
      "target": 1,
      "vivifyirr": 9,
      "congruenceandarity": 876
    },
    "3": {
      "backbone": 0,
      "congruenceands": "false",
      "congruencexors": "false",
      "phase": "false",
      "probeint": 36,
      "restartint": 5607,
      "sweepclauses": 1810819215,
      "target": 2,
      "vivifyirr": 71
    },
    "4": {
      "backbone": 1,
      "congruenceands": "false",
      "congruencexors": "false",
      "phase": "true",
      "probeint": 79,
      "restartint": 6000,
      "sweepclauses": 340041433,
      "target": 1,
      "vivifyirr": 29
    },
    "5": {
      "backbone": 2,
      "congruenceands": "true",
      "congruencexors": "false",
      "phase": "true",
      "probeint": 608,
      "restartint": 7034,
      "sweepclauses": 954679991,
      "target": 1,
      "vivifyirr": 4,
      "congruenceandarity": 1000000
    },
    "6": {
      "backbone": 0,
      "congruenceands": "false",
      "congruencexors": "false",
      "phase": "false",
      "probeint": 101,
      "restartint": 6484,
      "sweepclauses": 548342518,
      "target": 1,
      "vivifyirr": 76
    },
    "7": {
      "backbone": 1,
      "congruenceands": "false",
      "congruencexors": "false",
      "phase": "true",
      "probeint": 205,
      "restartint": 8535,
      "sweepclauses": 1099993009,
      "target": 0,
      "vivifyirr": 52
    },
    "8": {
      "backbone": 1,
      "congruenceands": "true",
      "congruencexors": "false",
      "phase": "false",
      "probeint": 440,
      "restartint": 7112,
      "sweepclauses": 1057393875,
      "target": 2,
      "vivifyirr": 88,
      "congruenceandarity": 1000000
    },
    "9": {
      "backbone": 1,
      "congruenceands": "true",
      "congruencexors": "false",
      "phase": "false",
      "probeint": 672,
      "restartint": 5822,
      "sweepclauses": 1086175958,
      "target": 1,
      "vivifyirr": 63,
      "congruenceandarity": 172231
    },
    "10": {
      "backbone": 1,
      "congruenceands": "true",
      "congruencexors": "false",
      "phase": "true",
      "probeint": 615,
      "restartint": 5473,
      "sweepclauses": 799556293,
      "target": 0,
      "vivifyirr": 3,
      "congruenceandarity": 1000000
    }
  },
  "config_origins": {
    "1": "Initial Design: Sobol",
    "2": "Initial Design: Sobol",
    "3": "Acquisition Function Maximizer: Local Search",
    "4": "Acquisition Function Maximizer: Local Search",
    "5": "Acquisition Function Maximizer: Local Search",
    "6": "Acquisition Function Maximizer: Local Search",
    "7": "Acquisition Function Maximizer: Local Search",
    "8": "Acquisition Function Maximizer: Local Search",
    "9": "Acquisition Function Maximizer: Local Search",
    "10": "Acquisition Function Maximizer: Local Search"
  }
}