{
  "incumbent_ids": [
    9
  ],
  "rejected_config_ids": [
    2,
    1,
    4,
    3,
    6,
    7,
    8,
    5,
    10
  ],
  "incumbents_changed": 4,
  "trajectory": [
    {
      "config_ids": [
        1
      ],
      "costs": [
        50781.875826358795
      ],
      "trial": 1,
      "walltime": 30782.621539592743
    },
    {
      "config_ids": [
        3
      ],
      "costs": [
        50532.910913705826
      ],
      "trial": 3,
      "walltime": 93138.96394443512
    },
    {
      "config_ids": [
        5
      ],
      "costs": [
        45641.4520881176
      ],
      "trial": 5,
      "walltime": 154890.60010027885
    },
    {
      "config_ids": [
        9
      ],
      "costs": [
        35050.10997247696
      ],
      "trial": 9,
      "walltime": 272260.1844251156
    }
  ],
  "state": {
    "queue": [
      [
        10,
        1
      ]
    ]
  }
}