{
  "stats": {
    "submitted": 10,
    "finished": 10,
    "running": 0
  },
  "data": [
    [
      1,
      null,
      209652396,
      null,
      50781.875826358795,
      30782.60664176941,
      1,
      1732294756.4759035,
      1732325539.0928774,
      {}
    ],
    [
      2,
      null,
      209652396,
      null,
      56818.642137527466,
      31819.796217918396,
      1,
      1732325539.107231,
      1732357358.9133701,
      {}
    ],
    [
      3,
      null,
      209652396,
      null,
      50532.910913705826,
      30534.20945763588,
      1,
      1732357361.2146206,
      1732387895.4338915,
      {}
    ],
    [
      4,
      null,
      209652396,
      null,
      51107.5536570549,
      31108.425534248352,
      1,
      1732387895.4495583,
      1732419003.8849895,
      {}
    ],
    [
      5,
      null,
      209652396,
      null,
      45641.4520881176,
      30643.157368183136,
      1,
      1732419003.89981,
      1732449647.070041,
      {}
    ],
    [
      6,
      null,
      209652396,
      null,
      53127.26761698723,
      33127.953751564026,
      1,
      1732449647.1016023,
      1732482775.0654323,
      {}
    ],
    [
      7,
      null,
      209652396,
      null,
      49329.648609399796,
      29331.384613752365,
      1,
      1732482775.0848818,
      1732512106.4793823,
      {}
    ],
    [
      8,
      null,
      209652396,
      null,
      49858.53410792351,
      29859.317548274994,
      1,
      1732512106.500263,
      1732541965.8282077,
      {}
    ],
    [
      9,
      null,
      209652396,
      null,
      35050.10997247696,
      25050.783366441727,
      1,
      1732541965.8610919,
      1732567016.654337,
      {}
    ],
    [
      10,
      null,
      209652396,
      null,
      54291.09133195877,
      34295.007009506226,
      1,
      1732567016.6788046,
      1732601311.695752,
      {}
    ]
  ],
  "configs": {
    "1": {
      "backbone": 1,
      "congruenceands": "false",
      "congruencexors": "true",
      "phase": "true",
      "probeint": 862,
      "restartint": 4956,
      "sweepclauses": 2061531719,
      "target": 2,
      "vivifyirr": 77,
      "congruencexorarity": 10
    },
    "2": {
      "backbone": 2,
      "congruenceands": "true",
      "congruencexors": "false",
      "phase": "false",
      "probeint": 276,
      "restartint": 5973,
      "sweepclauses": 537228092,
      "target": 1,
      "vivifyirr": 9,
      "congruenceandarity": 876
    },
    "3": {
      "backbone": 2,
      "congruenceands": "true",
      "congruencexors": "true",
      "phase": "true",
      "probeint": 903,
      "restartint": 2831,
      "sweepclauses": 51750413,
      "target": 0,
      "vivifyirr": 51,
      "congruenceandarity": 9463,
      "congruencexorarity": 9
    },
    "4": {
      "backbone": 2,
      "congruenceands": "false",
      "congruencexors": "true",
      "phase": "true",
      "probeint": 813,
      "restartint": 4001,
      "sweepclauses": 1861851691,
      "target": 1,
      "vivifyirr": 43,
      "congruencexorarity": 17
    },
    "5": {
      "backbone": 0,
      "congruenceands": "true",
      "congruencexors": "true",
      "phase": "true",
      "probeint": 890,
      "restartint": 1531,
      "sweepclauses": 455945903,
      "target": 2,
      "vivifyirr": 63,
      "congruenceandarity": 83230,
      "congruencexorarity": 8
    },
    "6": {
      "backbone": 2,
      "congruenceands": "false",
      "congruencexors": "true",
      "phase": "false",
      "probeint": 844,
      "restartint": 4756,
      "sweepclauses": 48831986,
      "target": 1,
      "vivifyirr": 32,
      "congruencexorarity": 9
    },
    "7": {
      "backbone": 2,
      "congruenceands": "false",
      "congruencexors": "true",
      "phase": "true",
      "probeint": 841,
      "restartint": 609,
      "sweepclauses": 866452063,
      "target": 1,
      "vivifyirr": 26,
      "congruencexorarity": 9
    },
    "8": {
      "backbone": 2,
      "congruenceands": "true",
      "congruencexors": "true",
      "phase": "false",
      "probeint": 827,
      "restartint": 732,
      "sweepclauses": 1148070346,
      "target": 2,
      "vivifyirr": 23,
      "congruenceandarity": 55895,
      "congruencexorarity": 11
    },
    "9": {
      "backbone": 2,
      "congruenceands": "false",
      "congruencexors": "true",
      "phase": "false",
      "probeint": 966,
      "restartint": 226,
      "sweepclauses": 1647130177,
      "target": 2,
      "vivifyirr": 4,
      "congruencexorarity": 15
    },
    "10": {
      "backbone": 2,
      "congruenceands": "false",
      "congruencexors": "true",
      "phase": "false",
      "probeint": 980,
      "restartint": 1904,
      "sweepclauses": 297737064,
      "target": 0,
      "vivifyirr": 53,
      "congruencexorarity": 20
    }
  },
  "config_origins": {
    "1": "Initial Design: Sobol",
    "2": "Initial Design: Sobol",
    "3": "Acquisition Function Maximizer: Local Search",
    "4": "Acquisition Function Maximizer: Local Search",
    "5": "Acquisition Function Maximizer: Local Search",
    "6": "Acquisition Function Maximizer: Local Search",
    "7": "Acquisition Function Maximizer: Local Search",
    "8": "Acquisition Function Maximizer: Local Search",
    "9": "Acquisition Function Maximizer: Local Search",
    "10": "Acquisition Function Maximizer: Local Search"
  }
}