{
  "incumbent_ids": [
    10
  ],
  "rejected_config_ids": [
    2,
    3,
    4,
    5,
    1,
    7,
    8,
    6,
    9
  ],
  "incumbents_changed": 4,
  "trajectory": [
    {
      "config_ids": [
        1
      ],
      "costs": [
        33852.567819833755
      ],
      "trial": 1,
      "walltime": 18853.570860862732
    },
    {
      "config_ids": [
        6
      ],
      "costs": [
        33361.29633593559
      ],
      "trial": 6,
      "walltime": 118515.891756773
    },
    {
      "config_ids": [
        9
      ],
      "costs": [
        32273.98266530037
      ],
      "trial": 9,
      "walltime": 179294.36552929878
    },
    {
      "config_ids": [
        10
      ],
      "costs": [
        27059.503025770187
      ],
      "trial": 10,
      "walltime": 196354.812687397
    }
  ],
  "state": {
    "queue": [
      [
        10,
        1
      ]
    ]
  }
}