{
  "stats": {
    "submitted": 10,
    "finished": 10,
    "running": 0
  },
  "data": [
    [
      1,
      null,
      209652396,
      null,
      33852.567819833755,
      18853.55580806732,
      1,
      1732766632.543384,
      1732785486.109564,
      {}
    ],
    [
      2,
      null,
      209652396,
      null,
      36282.383469343185,
      21283.320566177368,
      1,
      1732785486.122057,
      1732806769.452582,
      {}
    ],
    [
      3,
      null,
      209652396,
      null,
      34090.544137477875,
      19091.477525234222,
      1,
      1732806771.7440548,
      1732825863.2313862,
      {}
    ],
    [
      4,
      null,
      209652396,
      null,
      36793.57736682892,
      21794.517000436783,
      1,
      1732825863.2458804,
      1732847657.7727895,
      {}
    ],
    [
      5,
      null,
      209652396,
      null,
      34127.50948214531,
      19128.40488553047,
      1,
      1732847657.7899108,
      1732866786.2084224,
      {}
    ],
    [
      6,
      null,
      209652396,
      null,
      33361.29633593559,
      18362.192312717438,
      1,
      1732866786.2269635,
      1732885148.4291546,
      {}
    ],
    [
      7,
      null,
      209652396,
      null,
      36166.092656612396,
      21167.047335863113,
      1,
      1732885148.4511526,
      1732906315.5083838,
      {}
    ],
    [
      8,
      null,
      209652396,
      null,
      42335.46724939346,
      22336.41233420372,
      1,
      1732906315.5409536,
      1732928651.963727,
      {}
    ],
    [
      9,
      null,
      209652396,
      null,
      32273.98266530037,
      17274.89652633667,
      1,
      1732928651.9964757,
      1732945926.9029167,
      {}
    ],
    [
      10,
      null,
      209652396,
      null,
      27059.503025770187,
      17060.414551258087,
      1,
      1732945926.925712,
      1732962987.3501441,
      {}
    ]
  ],
  "configs": {
    "1": {
      "backbone": 1,
      "congruenceands": "false",
      "congruencexors": "true",
      "phase": "true",
      "probeint": 862,
      "restartint": 4956,
      "sweepclauses": 2061531719,
      "target": 2,
      "vivifyirr": 77,
      "congruencexorarity": 10
    },
    "2": {
      "backbone": 2,
      "congruenceands": "true",
      "congruencexors": "false",
      "phase": "false",
      "probeint": 276,
      "restartint": 5973,
      "sweepclauses": 537228092,
      "target": 1,
      "vivifyirr": 9,
      "congruenceandarity": 876
    },
    "3": {
      "backbone": 2,
      "congruenceands": "true",
      "congruencexors": "true",
      "phase": "true",
      "probeint": 903,
      "restartint": 2831,
      "sweepclauses": 51750413,
      "target": 0,
      "vivifyirr": 51,
      "congruenceandarity": 9463,
      "congruencexorarity": 9
    },
    "4": {
      "backbone": 2,
      "congruenceands": "false",
      "congruencexors": "true",
      "phase": "true",
      "probeint": 813,
      "restartint": 4001,
      "sweepclauses": 1861851691,
      "target": 1,
      "vivifyirr": 43,
      "congruencexorarity": 17
    },
    "5": {
      "backbone": 0,
      "congruenceands": "true",
      "congruencexors": "true",
      "phase": "true",
      "probeint": 890,
      "restartint": 1531,
      "sweepclauses": 455945903,
      "target": 2,
      "vivifyirr": 63,
      "congruenceandarity": 83230,
      "congruencexorarity": 8
    },
    "6": {
      "backbone": 2,
      "congruenceands": "false",
      "congruencexors": "true",
      "phase": "false",
      "probeint": 844,
      "restartint": 4756,
      "sweepclauses": 48831986,
      "target": 1,
      "vivifyirr": 32,
      "congruencexorarity": 9
    },
    "7": {
      "backbone": 2,
      "congruenceands": "false",
      "congruencexors": "true",
      "phase": "true",
      "probeint": 841,
      "restartint": 609,
      "sweepclauses": 866452063,
      "target": 1,
      "vivifyirr": 26,
      "congruencexorarity": 9
    },
    "8": {
      "backbone": 2,
      "congruenceands": "true",
      "congruencexors": "true",
      "phase": "false",
      "probeint": 827,
      "restartint": 732,
      "sweepclauses": 1148070346,
      "target": 2,
      "vivifyirr": 23,
      "congruenceandarity": 55895,
      "congruencexorarity": 11
    },
    "9": {
      "backbone": 2,
      "congruenceands": "false",
      "congruencexors": "true",
      "phase": "false",
      "probeint": 966,
      "restartint": 226,
      "sweepclauses": 1647130177,
      "target": 2,
      "vivifyirr": 4,
      "congruencexorarity": 15
    },
    "10": {
      "backbone": 2,
      "congruenceands": "false",
      "congruencexors": "true",
      "phase": "false",
      "probeint": 980,
      "restartint": 1904,
      "sweepclauses": 297737064,
      "target": 0,
      "vivifyirr": 53,
      "congruencexorarity": 20
    }
  },
  "config_origins": {
    "1": "Initial Design: Sobol",
    "2": "Initial Design: Sobol",
    "3": "Acquisition Function Maximizer: Local Search",
    "4": "Acquisition Function Maximizer: Local Search",
    "5": "Acquisition Function Maximizer: Local Search",
    "6": "Acquisition Function Maximizer: Local Search",
    "7": "Acquisition Function Maximizer: Local Search",
    "8": "Acquisition Function Maximizer: Local Search",
    "9": "Acquisition Function Maximizer: Local Search",
    "10": "Acquisition Function Maximizer: Local Search"
  }
}