{
  "stats": {
    "submitted": 10,
    "finished": 10,
    "running": 0
  },
  "data": [
    [
      1,
      null,
      209652396,
      null,
      8733.834346055984,
      8734.571498155594,
      1,
      1732736010.3178144,
      1732744744.899757,
      {}
    ],
    [
      2,
      null,
      209652396,
      null,
      9068.715239524841,
      9069.353256225586,
      1,
      1732744744.9118347,
      1732753814.2750247,
      {}
    ],
    [
      3,
      null,
      209652396,
      null,
      26237.702983379364,
      21238.363109350204,
      1,
      1732753816.5990386,
      1732775054.9719973,
      {}
    ],
    [
      4,
      null,
      209652396,
      null,
      7185.6979439258575,
      7186.312729597092,
      1,
      1732775054.989586,
      1732782241.3127127,
      {}
    ],
    [
      5,
      null,
      209652396,
      null,
      7007.780557870865,
      7008.440582275391,
      1,
      1732782241.3342826,
      1732789249.7847793,
      {}
    ],
    [
      6,
      null,
      209652396,
      null,
      5964.365798711777,
      5965.035284042358,
      1,
      1732789249.8041518,
      1732795214.8493502,
      {}
    ],
    [
      7,
      null,
      209652396,
      null,
      7046.99428653717,
      7047.660765647888,
      1,
      1732795214.8670173,
      1732802262.5381672,
      {}
    ],
    [
      8,
      null,
      209652396,
      null,
      6565.295536994934,
      6565.9692714214325,
      1,
      1732802262.5555592,
      1732808828.5347366,
      {}
    ],
    [
      9,
      null,
      209652396,
      null,
      9029.687126159668,
      9030.361048221588,
      1,
      1732808828.5535228,
      1732817858.9250443,
      {}
    ],
    [
      10,
      null,
      209652396,
      null,
      17015.49519252777,
      17016.172293424606,
      1,
      1732817858.9469543,
      1732834875.1291206,
      {}
    ]
  ],
  "configs": {
    "1": {
      "backbone": 1,
      "congruenceands": "false",
      "congruencexors": "true",
      "phase": "true",
      "probeint": 862,
      "restartint": 4956,
      "sweepclauses": 2061531719,
      "target": 2,
      "vivifyirr": 77,
      "congruencexorarity": 10
    },
    "2": {
      "backbone": 2,
      "congruenceands": "true",
      "congruencexors": "false",
      "phase": "false",
      "probeint": 276,
      "restartint": 5973,
      "sweepclauses": 537228092,
      "target": 1,
      "vivifyirr": 9,
      "congruenceandarity": 876
    },
    "3": {
      "backbone": 2,
      "congruenceands": "true",
      "congruencexors": "true",
      "phase": "true",
      "probeint": 903,
      "restartint": 2831,
      "sweepclauses": 51750413,
      "target": 0,
      "vivifyirr": 51,
      "congruenceandarity": 9463,
      "congruencexorarity": 9
    },
    "4": {
      "backbone": 2,
      "congruenceands": "false",
      "congruencexors": "true",
      "phase": "true",
      "probeint": 813,
      "restartint": 4001,
      "sweepclauses": 1861851691,
      "target": 1,
      "vivifyirr": 43,
      "congruencexorarity": 17
    },
    "5": {
      "backbone": 0,
      "congruenceands": "true",
      "congruencexors": "true",
      "phase": "true",
      "probeint": 890,
      "restartint": 1531,
      "sweepclauses": 455945903,
      "target": 2,
      "vivifyirr": 63,
      "congruenceandarity": 83230,
      "congruencexorarity": 8
    },
    "6": {
      "backbone": 2,
      "congruenceands": "false",
      "congruencexors": "true",
      "phase": "false",
      "probeint": 844,
      "restartint": 4756,
      "sweepclauses": 48831986,
      "target": 1,
      "vivifyirr": 32,
      "congruencexorarity": 9
    },
    "7": {
      "backbone": 2,
      "congruenceands": "false",
      "congruencexors": "true",
      "phase": "true",
      "probeint": 841,
      "restartint": 609,
      "sweepclauses": 866452063,
      "target": 1,
      "vivifyirr": 26,
      "congruencexorarity": 9
    },
    "8": {
      "backbone": 2,
      "congruenceands": "true",
      "congruencexors": "true",
      "phase": "false",
      "probeint": 827,
      "restartint": 732,
      "sweepclauses": 1148070346,
      "target": 2,
      "vivifyirr": 23,
      "congruenceandarity": 55895,
      "congruencexorarity": 11
    },
    "9": {
      "backbone": 2,
      "congruenceands": "false",
      "congruencexors": "true",
      "phase": "false",
      "probeint": 966,
      "restartint": 226,
      "sweepclauses": 1647130177,
      "target": 2,
      "vivifyirr": 4,
      "congruencexorarity": 15
    },
    "10": {
      "backbone": 2,
      "congruenceands": "false",
      "congruencexors": "true",
      "phase": "false",
      "probeint": 980,
      "restartint": 1904,
      "sweepclauses": 297737064,
      "target": 0,
      "vivifyirr": 53,
      "congruencexorarity": 20
    }
  },
  "config_origins": {
    "1": "Initial Design: Sobol",
    "2": "Initial Design: Sobol",
    "3": "Acquisition Function Maximizer: Local Search",
    "4": "Acquisition Function Maximizer: Local Search",
    "5": "Acquisition Function Maximizer: Local Search",
    "6": "Acquisition Function Maximizer: Local Search",
    "7": "Acquisition Function Maximizer: Local Search",
    "8": "Acquisition Function Maximizer: Local Search",
    "9": "Acquisition Function Maximizer: Local Search",
    "10": "Acquisition Function Maximizer: Local Search"
  }
}