{
  "stats": {
    "submitted": 10,
    "finished": 10,
    "running": 0
  },
  "data": [
    [
      1,
      null,
      209652396,
      null,
      48559.003542900085,
      28560.129051446915,
      1,
      1732582324.8282814,
      1732610884.9677305,
      {}
    ],
    [
      2,
      null,
      209652396,
      null,
      56626.69129920006,
      31628.3180642128,
      1,
      1732610884.9843564,
      1732642513.3124247,
      {}
    ],
    [
      3,
      null,
      209652396,
      null,
      52581.82925724983,
      32600.636655330658,
      1,
      1732642515.6088533,
      1732675116.2553182,
      {}
    ],
    [
      4,
      null,
      209652396,
      null,
      55656.943590164185,
      30662.254745960236,
      1,
      1732675116.2689006,
      1732705778.534106,
      {}
    ],
    [
      5,
      null,
      209652396,
      null,
      59031.69461321831,
      34042.29998588562,
      1,
      1732705778.548939,
      1732739820.8588526,
      {}
    ],
    [
      6,
      null,
      209652396,
      null,
      56428.43604707718,
      31446.12333369255,
      1,
      1732739820.8767495,
      1732771267.0104866,
      {}
    ],
    [
      7,
      null,
      209652396,
      null,
      48587.54891228676,
      28608.83043074608,
      1,
      1732771267.0426404,
      1732799875.883188,
      {}
    ],
    [
      8,
      null,
      209652396,
      null,
      53812.64041161537,
      28824.73214673996,
      1,
      1732799875.9116006,
      1732828700.654232,
      {}
    ],
    [
      9,
      null,
      209652396,
      null,
      47895.80041337013,
      27899.4038541317,
      1,
      1732828700.6743352,
      1732856600.088095,
      {}
    ],
    [
      10,
      null,
      209652396,
      null,
      51777.24162650108,
      31784.796418905258,
      1,
      1732856600.1174169,
      1732888384.9237146,
      {}
    ]
  ],
  "configs": {
    "1": {
      "backbone": 1,
      "congruenceands": "false",
      "congruencexors": "true",
      "phase": "true",
      "probeint": 862,
      "restartint": 4956,
      "sweepclauses": 2061531719,
      "target": 2,
      "vivifyirr": 77,
      "congruencexorarity": 10
    },
    "2": {
      "backbone": 2,
      "congruenceands": "true",
      "congruencexors": "false",
      "phase": "false",
      "probeint": 276,
      "restartint": 5973,
      "sweepclauses": 537228092,
      "target": 1,
      "vivifyirr": 9,
      "congruenceandarity": 876
    },
    "3": {
      "backbone": 2,
      "congruenceands": "true",
      "congruencexors": "true",
      "phase": "true",
      "probeint": 903,
      "restartint": 2831,
      "sweepclauses": 51750413,
      "target": 0,
      "vivifyirr": 51,
      "congruenceandarity": 9463,
      "congruencexorarity": 9
    },
    "4": {
      "backbone": 2,
      "congruenceands": "false",
      "congruencexors": "true",
      "phase": "true",
      "probeint": 813,
      "restartint": 4001,
      "sweepclauses": 1861851691,
      "target": 1,
      "vivifyirr": 43,
      "congruencexorarity": 17
    },
    "5": {
      "backbone": 0,
      "congruenceands": "true",
      "congruencexors": "true",
      "phase": "true",
      "probeint": 890,
      "restartint": 1531,
      "sweepclauses": 455945903,
      "target": 2,
      "vivifyirr": 63,
      "congruenceandarity": 83230,
      "congruencexorarity": 8
    },
    "6": {
      "backbone": 2,
      "congruenceands": "false",
      "congruencexors": "true",
      "phase": "false",
      "probeint": 844,
      "restartint": 4756,
      "sweepclauses": 48831986,
      "target": 1,
      "vivifyirr": 32,
      "congruencexorarity": 9
    },
    "7": {
      "backbone": 2,
      "congruenceands": "false",
      "congruencexors": "true",
      "phase": "true",
      "probeint": 841,
      "restartint": 609,
      "sweepclauses": 866452063,
      "target": 1,
      "vivifyirr": 26,
      "congruencexorarity": 9
    },
    "8": {
      "backbone": 2,
      "congruenceands": "true",
      "congruencexors": "true",
      "phase": "false",
      "probeint": 827,
      "restartint": 732,
      "sweepclauses": 1148070346,
      "target": 2,
      "vivifyirr": 23,
      "congruenceandarity": 55895,
      "congruencexorarity": 11
    },
    "9": {
      "backbone": 2,
      "congruenceands": "false",
      "congruencexors": "true",
      "phase": "false",
      "probeint": 966,
      "restartint": 226,
      "sweepclauses": 1647130177,
      "target": 2,
      "vivifyirr": 4,
      "congruencexorarity": 15
    },
    "10": {
      "backbone": 2,
      "congruenceands": "false",
      "congruencexors": "true",
      "phase": "false",
      "probeint": 980,
      "restartint": 1904,
      "sweepclauses": 297737064,
      "target": 0,
      "vivifyirr": 53,
      "congruencexorarity": 20
    }
  },
  "config_origins": {
    "1": "Initial Design: Sobol",
    "2": "Initial Design: Sobol",
    "3": "Acquisition Function Maximizer: Local Search",
    "4": "Acquisition Function Maximizer: Local Search",
    "5": "Acquisition Function Maximizer: Local Search",
    "6": "Acquisition Function Maximizer: Local Search",
    "7": "Acquisition Function Maximizer: Local Search",
    "8": "Acquisition Function Maximizer: Local Search",
    "9": "Acquisition Function Maximizer: Local Search",
    "10": "Acquisition Function Maximizer: Local Search"
  }
}