{
  "incumbent_ids": [
    33
  ],
  "rejected_config_ids": [
    2,
    1,
    4,
    5,
    6,
    7,
    8,
    9,
    10,
    11,
    12,
    13,
    14,
    15,
    16,
    17,
    18,
    19,
    20,
    21,
    22,
    23,
    24,
    25,
    26,
    27,
    28,
    29,
    30,
    31,
    32,
    3,
    34,
    35,
    36,
    37,
    38,
    39,
    40,
    41,
    42,
    43,
    44,
    45,
    46,
    47,
    48,
    49,
    50
  ],
  "incumbents_changed": 3,
  "trajectory": [
    {
      "config_ids": [
        1
      ],
      "costs": [
        24133.93326830864
      ],
      "trial": 1,
      "walltime": 1800.320776462555
    },
    {
      "config_ids": [
        3
      ],
      "costs": [
        19091.048621177673
      ],
      "trial": 3,
      "walltime": 5400.707840919495
    },
    {
      "config_ids": [
        33
      ],
      "costs": [
        18275.631361961365
      ],
      "trial": 33,
      "walltime": 59413.4880797863
    }
  ],
  "state": {
    "queue": [
      [
        50,
        1
      ]
    ]
  }
}