{
  "incumbent_ids": [
    7
  ],
  "rejected_config_ids": [
    2,
    3,
    4,
    5,
    6,
    1,
    8,
    9,
    10
  ],
  "incumbents_changed": 2,
  "trajectory": [
    {
      "config_ids": [
        1
      ],
      "costs": [
        37416.644006729126
      ],
      "trial": 1,
      "walltime": 37417.61018872261
    },
    {
      "config_ids": [
        7
      ],
      "costs": [
        32682.63974928856
      ],
      "trial": 7,
      "walltime": 295241.41926956177
    }
  ],
  "state": {
    "queue": [
      [
        10,
        1
      ]
    ]
  }
}