{
  "stats": {
    "submitted": 10,
    "finished": 10,
    "running": 0
  },
  "data": [
    [
      1,
      null,
      209652396,
      null,
      37416.644006729126,
      37417.594760894775,
      1,
      1732570077.0122998,
      1732607494.6174445,
      {}
    ],
    [
      2,
      null,
      209652396,
      null,
      75827.88457012177,
      50828.76594090462,
      1,
      1732607494.6453457,
      1732658323.4213045,
      {}
    ],
    [
      3,
      null,
      209652396,
      null,
      54648.03613948822,
      44648.94195270538,
      1,
      1732658325.7064552,
      1732702974.6582484,
      {}
    ],
    [
      4,
      null,
      209652396,
      null,
      42831.3416929245,
      42831.97973513603,
      1,
      1732702974.6722996,
      1732745806.6623933,
      {}
    ],
    [
      5,
      null,
      209652396,
      null,
      39921.43102812767,
      39922.09869003296,
      1,
      1732745806.6788168,
      1732785728.7874029,
      {}
    ],
    [
      6,
      null,
      209652396,
      null,
      61905.40286779404,
      46906.26214051247,
      1,
      1732785728.8171313,
      1732832635.0893815,
      {}
    ],
    [
      7,
      null,
      209652396,
      null,
      32682.63974928856,
      32683.294954538345,
      1,
      1732832635.120208,
      1732865318.4256985,
      {}
    ],
    [
      8,
      null,
      209652396,
      null,
      33638.77963709831,
      33639.43587231636,
      1,
      1732865318.4475603,
      1732898957.8933434,
      {}
    ],
    [
      9,
      null,
      209652396,
      null,
      33797.80376338959,
      33798.47506046295,
      1,
      1732898957.9112365,
      1732932756.396655,
      {}
    ],
    [
      10,
      null,
      209652396,
      null,
      37570.11543631554,
      37570.776461839676,
      1,
      1732932756.4180675,
      1732970327.2044308,
      {}
    ]
  ],
  "configs": {
    "1": {
      "backbone": 1,
      "congruenceands": "false",
      "congruencexors": "true",
      "phase": "true",
      "probeint": 862,
      "restartint": 4956,
      "sweepclauses": 2061531719,
      "target": 2,
      "vivifyirr": 77,
      "congruencexorarity": 10
    },
    "2": {
      "backbone": 2,
      "congruenceands": "true",
      "congruencexors": "false",
      "phase": "false",
      "probeint": 276,
      "restartint": 5973,
      "sweepclauses": 537228092,
      "target": 1,
      "vivifyirr": 9,
      "congruenceandarity": 876
    },
    "3": {
      "backbone": 2,
      "congruenceands": "true",
      "congruencexors": "true",
      "phase": "true",
      "probeint": 903,
      "restartint": 2831,
      "sweepclauses": 51750413,
      "target": 0,
      "vivifyirr": 51,
      "congruenceandarity": 9463,
      "congruencexorarity": 9
    },
    "4": {
      "backbone": 2,
      "congruenceands": "false",
      "congruencexors": "true",
      "phase": "true",
      "probeint": 813,
      "restartint": 4001,
      "sweepclauses": 1861851691,
      "target": 1,
      "vivifyirr": 43,
      "congruencexorarity": 17
    },
    "5": {
      "backbone": 0,
      "congruenceands": "true",
      "congruencexors": "true",
      "phase": "true",
      "probeint": 890,
      "restartint": 1531,
      "sweepclauses": 455945903,
      "target": 2,
      "vivifyirr": 63,
      "congruenceandarity": 83230,
      "congruencexorarity": 8
    },
    "6": {
      "backbone": 2,
      "congruenceands": "false",
      "congruencexors": "true",
      "phase": "false",
      "probeint": 844,
      "restartint": 4756,
      "sweepclauses": 48831986,
      "target": 1,
      "vivifyirr": 32,
      "congruencexorarity": 9
    },
    "7": {
      "backbone": 2,
      "congruenceands": "false",
      "congruencexors": "true",
      "phase": "true",
      "probeint": 841,
      "restartint": 609,
      "sweepclauses": 866452063,
      "target": 1,
      "vivifyirr": 26,
      "congruencexorarity": 9
    },
    "8": {
      "backbone": 2,
      "congruenceands": "true",
      "congruencexors": "true",
      "phase": "false",
      "probeint": 827,
      "restartint": 732,
      "sweepclauses": 1148070346,
      "target": 2,
      "vivifyirr": 23,
      "congruenceandarity": 55895,
      "congruencexorarity": 11
    },
    "9": {
      "backbone": 2,
      "congruenceands": "false",
      "congruencexors": "true",
      "phase": "false",
      "probeint": 966,
      "restartint": 226,
      "sweepclauses": 1647130177,
      "target": 2,
      "vivifyirr": 4,
      "congruencexorarity": 15
    },
    "10": {
      "backbone": 2,
      "congruenceands": "false",
      "congruencexors": "true",
      "phase": "false",
      "probeint": 980,
      "restartint": 1904,
      "sweepclauses": 297737064,
      "target": 0,
      "vivifyirr": 53,
      "congruencexorarity": 20
    }
  },
  "config_origins": {
    "1": "Initial Design: Sobol",
    "2": "Initial Design: Sobol",
    "3": "Acquisition Function Maximizer: Local Search",
    "4": "Acquisition Function Maximizer: Local Search",
    "5": "Acquisition Function Maximizer: Local Search",
    "6": "Acquisition Function Maximizer: Local Search",
    "7": "Acquisition Function Maximizer: Local Search",
    "8": "Acquisition Function Maximizer: Local Search",
    "9": "Acquisition Function Maximizer: Local Search",
    "10": "Acquisition Function Maximizer: Local Search"
  }
}