{
  "incumbent_ids": [
    41
  ],
  "rejected_config_ids": [
    2,
    1,
    4,
    5,
    6,
    7,
    8,
    9,
    10,
    11,
    12,
    13,
    14,
    15,
    16,
    17,
    18,
    19,
    20,
    21,
    22,
    23,
    24,
    25,
    26,
    27,
    28,
    29,
    30,
    31,
    32,
    33,
    34,
    3,
    36,
    37,
    38,
    39,
    40,
    35,
    42,
    43,
    44,
    45,
    46,
    47,
    48,
    49,
    50
  ],
  "incumbents_changed": 4,
  "trajectory": [
    {
      "config_ids": [
        1
      ],
      "costs": [
        6108.829006195068
      ],
      "trial": 1,
      "walltime": 1486.6854588985443
    },
    {
      "config_ids": [
        3
      ],
      "costs": [
        3504.9705407619476
      ],
      "trial": 3,
      "walltime": 4957.1164009571075
    },
    {
      "config_ids": [
        35
      ],
      "costs": [
        3022.709549188614
      ],
      "trial": 35,
      "walltime": 61048.46713113785
    },
    {
      "config_ids": [
        41
      ],
      "costs": [
        2463.7541179656982
      ],
      "trial": 41,
      "walltime": 70403.85520005226
    }
  ],
  "state": {
    "queue": [
      [
        50,
        1
      ]
    ]
  }
}