{
  "stats": {
    "submitted": 10,
    "finished": 10,
    "running": 0
  },
  "data": [
    [
      1,
      null,
      209652396,
      null,
      37100.55471611023,
      22101.252799749374,
      1,
      1732265533.3322024,
      1732287634.595459,
      {}
    ],
    [
      2,
      null,
      209652396,
      null,
      29538.74420952797,
      19539.37633037567,
      1,
      1732287634.610577,
      1732307173.9968278,
      {}
    ],
    [
      3,
      null,
      209652396,
      null,
      34341.16368818283,
      24341.892660856247,
      1,
      1732307176.1153545,
      1732331518.0179148,
      {}
    ],
    [
      4,
      null,
      209652396,
      null,
      37145.28105044365,
      27145.96667432785,
      1,
      1732331518.033854,
      1732358664.0109348,
      {}
    ],
    [
      5,
      null,
      209652396,
      null,
      36001.33983874321,
      21002.007040977478,
      1,
      1732358664.0407283,
      1732379666.0578318,
      {}
    ],
    [
      6,
      null,
      209652396,
      null,
      53607.07062005997,
      28607.780296564102,
      1,
      1732379666.076696,
      1732408273.867343,
      {}
    ],
    [
      7,
      null,
      209652396,
      null,
      110208.04988622665,
      65208.88737463951,
      1,
      1732408273.883478,
      1732473482.7807584,
      {}
    ],
    [
      8,
      null,
      209652396,
      null,
      30537.797426700592,
      20538.440945386887,
      1,
      1732473482.8008404,
      1732494021.251711,
      {}
    ],
    [
      9,
      null,
      209652396,
      null,
      45287.4565114975,
      25288.370650053024,
      1,
      1732494021.2700868,
      1732519309.651153,
      {}
    ],
    [
      10,
      null,
      209652396,
      null,
      113007.7914044857,
      63008.655858039856,
      1,
      1732519309.6735256,
      1732582318.3392768,
      {}
    ]
  ],
  "configs": {
    "1": {
      "backbone": 1,
      "congruenceands": "false",
      "congruencexors": "true",
      "phase": "true",
      "probeint": 862,
      "restartint": 4956,
      "sweepclauses": 2061531719,
      "target": 2,
      "vivifyirr": 77,
      "congruencexorarity": 10
    },
    "2": {
      "backbone": 2,
      "congruenceands": "true",
      "congruencexors": "false",
      "phase": "false",
      "probeint": 276,
      "restartint": 5973,
      "sweepclauses": 537228092,
      "target": 1,
      "vivifyirr": 9,
      "congruenceandarity": 876
    },
    "3": {
      "backbone": 0,
      "congruenceands": "false",
      "congruencexors": "false",
      "phase": "false",
      "probeint": 36,
      "restartint": 5607,
      "sweepclauses": 1810819215,
      "target": 2,
      "vivifyirr": 71
    },
    "4": {
      "backbone": 1,
      "congruenceands": "false",
      "congruencexors": "false",
      "phase": "true",
      "probeint": 79,
      "restartint": 6000,
      "sweepclauses": 340041433,
      "target": 1,
      "vivifyirr": 29
    },
    "5": {
      "backbone": 2,
      "congruenceands": "true",
      "congruencexors": "false",
      "phase": "true",
      "probeint": 608,
      "restartint": 7034,
      "sweepclauses": 954679991,
      "target": 1,
      "vivifyirr": 4,
      "congruenceandarity": 1000000
    },
    "6": {
      "backbone": 0,
      "congruenceands": "false",
      "congruencexors": "false",
      "phase": "false",
      "probeint": 101,
      "restartint": 6484,
      "sweepclauses": 548342518,
      "target": 1,
      "vivifyirr": 76
    },
    "7": {
      "backbone": 1,
      "congruenceands": "false",
      "congruencexors": "false",
      "phase": "true",
      "probeint": 205,
      "restartint": 8535,
      "sweepclauses": 1099993009,
      "target": 0,
      "vivifyirr": 52
    },
    "8": {
      "backbone": 1,
      "congruenceands": "true",
      "congruencexors": "false",
      "phase": "false",
      "probeint": 440,
      "restartint": 7112,
      "sweepclauses": 1057393875,
      "target": 2,
      "vivifyirr": 88,
      "congruenceandarity": 1000000
    },
    "9": {
      "backbone": 1,
      "congruenceands": "true",
      "congruencexors": "false",
      "phase": "false",
      "probeint": 672,
      "restartint": 5822,
      "sweepclauses": 1086175958,
      "target": 1,
      "vivifyirr": 63,
      "congruenceandarity": 172231
    },
    "10": {
      "backbone": 1,
      "congruenceands": "true",
      "congruencexors": "false",
      "phase": "true",
      "probeint": 615,
      "restartint": 5473,
      "sweepclauses": 799556293,
      "target": 0,
      "vivifyirr": 3,
      "congruenceandarity": 1000000
    }
  },
  "config_origins": {
    "1": "Initial Design: Sobol",
    "2": "Initial Design: Sobol",
    "3": "Acquisition Function Maximizer: Local Search",
    "4": "Acquisition Function Maximizer: Local Search",
    "5": "Acquisition Function Maximizer: Local Search",
    "6": "Acquisition Function Maximizer: Local Search",
    "7": "Acquisition Function Maximizer: Local Search",
    "8": "Acquisition Function Maximizer: Local Search",
    "9": "Acquisition Function Maximizer: Local Search",
    "10": "Acquisition Function Maximizer: Local Search"
  }
}