{
  "incumbent_ids": [
    5
  ],
  "rejected_config_ids": [
    1,
    3,
    4,
    2,
    6,
    7,
    8,
    9,
    10
  ],
  "incumbents_changed": 3,
  "trajectory": [
    {
      "config_ids": [
        1
      ],
      "costs": [
        37278.83962368965
      ],
      "trial": 1,
      "walltime": 32447.404437303543
    },
    {
      "config_ids": [
        2
      ],
      "costs": [
        22211.44656229019
      ],
      "trial": 2,
      "walltime": 54659.510199546814
    },
    {
      "config_ids": [
        5
      ],
      "costs": [
        18854.55916070938
      ],
      "trial": 5,
      "walltime": 149193.9186322689
    }
  ],
  "state": {
    "queue": [
      [
        10,
        1
      ]
    ]
  }
}