{
  "stats": {
    "submitted": 10,
    "finished": 10,
    "running": 0
  },
  "data": [
    [
      1,
      null,
      209652396,
      null,
      37278.83962368965,
      32447.389063358307,
      1,
      1732568276.862986,
      1732600724.2624156,
      {}
    ],
    [
      2,
      null,
      209652396,
      null,
      22211.44656229019,
      22212.081852436066,
      1,
      1732600724.275413,
      1732622936.3671868,
      {}
    ],
    [
      3,
      null,
      209652396,
      null,
      52654.963909864426,
      42811.72978234291,
      1,
      1732622938.4598522,
      1732665750.1994705,
      {}
    ],
    [
      4,
      null,
      209652396,
      null,
      42705.91950082779,
      32865.33427476883,
      1,
      1732665750.215838,
      1732698615.560445,
      {}
    ],
    [
      5,
      null,
      209652396,
      null,
      18854.55916070938,
      18855.190494060516,
      1,
      1732698615.5752127,
      1732717470.775617,
      {}
    ],
    [
      6,
      null,
      209652396,
      null,
      44717.08556342125,
      39874.74902820587,
      1,
      1732717470.8062468,
      1732757345.5657291,
      {}
    ],
    [
      7,
      null,
      209652396,
      null,
      37176.86205482483,
      32338.439562559128,
      1,
      1732757345.5852041,
      1732789684.034625,
      {}
    ],
    [
      8,
      null,
      209652396,
      null,
      23464.763198137283,
      23465.41649889946,
      1,
      1732789684.0519664,
      1732813149.4783485,
      {}
    ],
    [
      9,
      null,
      209652396,
      null,
      22366.28542280197,
      22366.954476833344,
      1,
      1732813149.4984717,
      1732835516.464363,
      {}
    ],
    [
      10,
      null,
      209652396,
      null,
      23510.032299280167,
      23510.650656461716,
      1,
      1732835516.4970837,
      1732859027.1576242,
      {}
    ]
  ],
  "configs": {
    "1": {
      "backbone": 1,
      "congruenceands": "false",
      "congruencexors": "true",
      "phase": "true",
      "probeint": 862,
      "restartint": 4956,
      "sweepclauses": 2061531719,
      "target": 2,
      "vivifyirr": 77,
      "congruencexorarity": 10
    },
    "2": {
      "backbone": 2,
      "congruenceands": "true",
      "congruencexors": "false",
      "phase": "false",
      "probeint": 276,
      "restartint": 5973,
      "sweepclauses": 537228092,
      "target": 1,
      "vivifyirr": 9,
      "congruenceandarity": 876
    },
    "3": {
      "backbone": 0,
      "congruenceands": "false",
      "congruencexors": "false",
      "phase": "false",
      "probeint": 36,
      "restartint": 5607,
      "sweepclauses": 1810819215,
      "target": 2,
      "vivifyirr": 71
    },
    "4": {
      "backbone": 1,
      "congruenceands": "false",
      "congruencexors": "false",
      "phase": "true",
      "probeint": 79,
      "restartint": 6000,
      "sweepclauses": 340041433,
      "target": 1,
      "vivifyirr": 29
    },
    "5": {
      "backbone": 2,
      "congruenceands": "true",
      "congruencexors": "false",
      "phase": "true",
      "probeint": 608,
      "restartint": 7034,
      "sweepclauses": 954679991,
      "target": 1,
      "vivifyirr": 4,
      "congruenceandarity": 1000000
    },
    "6": {
      "backbone": 0,
      "congruenceands": "false",
      "congruencexors": "false",
      "phase": "false",
      "probeint": 101,
      "restartint": 6484,
      "sweepclauses": 548342518,
      "target": 1,
      "vivifyirr": 76
    },
    "7": {
      "backbone": 1,
      "congruenceands": "false",
      "congruencexors": "false",
      "phase": "true",
      "probeint": 205,
      "restartint": 8535,
      "sweepclauses": 1099993009,
      "target": 0,
      "vivifyirr": 52
    },
    "8": {
      "backbone": 1,
      "congruenceands": "true",
      "congruencexors": "false",
      "phase": "false",
      "probeint": 440,
      "restartint": 7112,
      "sweepclauses": 1057393875,
      "target": 2,
      "vivifyirr": 88,
      "congruenceandarity": 1000000
    },
    "9": {
      "backbone": 1,
      "congruenceands": "true",
      "congruencexors": "false",
      "phase": "false",
      "probeint": 672,
      "restartint": 5822,
      "sweepclauses": 1086175958,
      "target": 1,
      "vivifyirr": 63,
      "congruenceandarity": 172231
    },
    "10": {
      "backbone": 1,
      "congruenceands": "true",
      "congruencexors": "false",
      "phase": "true",
      "probeint": 615,
      "restartint": 5473,
      "sweepclauses": 799556293,
      "target": 0,
      "vivifyirr": 3,
      "congruenceandarity": 1000000
    }
  },
  "config_origins": {
    "1": "Initial Design: Sobol",
    "2": "Initial Design: Sobol",
    "3": "Acquisition Function Maximizer: Local Search",
    "4": "Acquisition Function Maximizer: Local Search",
    "5": "Acquisition Function Maximizer: Local Search",
    "6": "Acquisition Function Maximizer: Local Search",
    "7": "Acquisition Function Maximizer: Local Search",
    "8": "Acquisition Function Maximizer: Local Search",
    "9": "Acquisition Function Maximizer: Local Search",
    "10": "Acquisition Function Maximizer: Local Search"
  }
}