{
  "incumbent_ids": [
    2
  ],
  "rejected_config_ids": [
    1,
    3,
    4,
    5,
    6,
    7,
    8,
    9,
    10
  ],
  "incumbents_changed": 2,
  "trajectory": [
    {
      "config_ids": [
        1
      ],
      "costs": [
        83702.48261213303
      ],
      "trial": 1,
      "walltime": 43733.9072098732
    },
    {
      "config_ids": [
        2
      ],
      "costs": [
        64227.54011154175
      ],
      "trial": 2,
      "walltime": 77970.04929709435
    }
  ],
  "state": {
    "queue": [
      [
        10,
        1
      ]
    ]
  }
}