{
  "stats": {
    "submitted": 10,
    "finished": 10,
    "running": 0
  },
  "data": [
    [
      1,
      null,
      209652396,
      null,
      83702.48261213303,
      43733.89067697525,
      1,
      1732140055.6695254,
      1732183789.571601,
      {}
    ],
    [
      2,
      null,
      209652396,
      null,
      64227.54011154175,
      34236.114824295044,
      1,
      1732183789.5879564,
      1732218025.7127695,
      {}
    ],
    [
      3,
      null,
      209652396,
      null,
      81948.7000041008,
      41997.995351314545,
      1,
      1732218027.8039634,
      1732260025.8091214,
      {}
    ],
    [
      4,
      null,
      209652396,
      null,
      82178.5272603035,
      42243.27326583862,
      1,
      1732260025.8229115,
      1732302269.106509,
      {}
    ],
    [
      5,
      null,
      209652396,
      null,
      71971.15563035011,
      37009.3170003891,
      1,
      1732302269.1349454,
      1732339278.4619305,
      {}
    ],
    [
      6,
      null,
      209652396,
      null,
      65215.653190135956,
      35251.54476809502,
      1,
      1732339278.4807572,
      1732374530.0359063,
      {}
    ],
    [
      7,
      null,
      209652396,
      null,
      74678.28656315804,
      39749.047617435455,
      1,
      1732374530.0660942,
      1732414279.1237907,
      {}
    ],
    [
      8,
      null,
      209652396,
      null,
      81649.0976088047,
      41675.50215411186,
      1,
      1732414279.140405,
      1732455954.6525447,
      {}
    ],
    [
      9,
      null,
      209652396,
      null,
      100183.31570768356,
      50218.27310323715,
      1,
      1732455954.670875,
      1732506172.9544036,
      {}
    ],
    [
      10,
      null,
      209652396,
      null,
      82436.79272270203,
      42478.955981731415,
      1,
      1732506172.973365,
      1732548651.939256,
      {}
    ]
  ],
  "configs": {
    "1": {
      "backbone": 1,
      "congruenceands": "false",
      "congruencexors": "true",
      "phase": "true",
      "probeint": 862,
      "restartint": 4956,
      "sweepclauses": 2061531719,
      "target": 2,
      "vivifyirr": 77,
      "congruencexorarity": 10
    },
    "2": {
      "backbone": 2,
      "congruenceands": "true",
      "congruencexors": "false",
      "phase": "false",
      "probeint": 276,
      "restartint": 5973,
      "sweepclauses": 537228092,
      "target": 1,
      "vivifyirr": 9,
      "congruenceandarity": 876
    },
    "3": {
      "backbone": 0,
      "congruenceands": "false",
      "congruencexors": "false",
      "phase": "false",
      "probeint": 36,
      "restartint": 5607,
      "sweepclauses": 1810819215,
      "target": 2,
      "vivifyirr": 71
    },
    "4": {
      "backbone": 1,
      "congruenceands": "false",
      "congruencexors": "false",
      "phase": "true",
      "probeint": 79,
      "restartint": 6000,
      "sweepclauses": 340041433,
      "target": 1,
      "vivifyirr": 29
    },
    "5": {
      "backbone": 2,
      "congruenceands": "true",
      "congruencexors": "false",
      "phase": "true",
      "probeint": 608,
      "restartint": 7034,
      "sweepclauses": 954679991,
      "target": 1,
      "vivifyirr": 4,
      "congruenceandarity": 1000000
    },
    "6": {
      "backbone": 0,
      "congruenceands": "false",
      "congruencexors": "false",
      "phase": "false",
      "probeint": 101,
      "restartint": 6484,
      "sweepclauses": 548342518,
      "target": 1,
      "vivifyirr": 76
    },
    "7": {
      "backbone": 1,
      "congruenceands": "false",
      "congruencexors": "false",
      "phase": "true",
      "probeint": 205,
      "restartint": 8535,
      "sweepclauses": 1099993009,
      "target": 0,
      "vivifyirr": 52
    },
    "8": {
      "backbone": 1,
      "congruenceands": "true",
      "congruencexors": "false",
      "phase": "false",
      "probeint": 440,
      "restartint": 7112,
      "sweepclauses": 1057393875,
      "target": 2,
      "vivifyirr": 88,
      "congruenceandarity": 1000000
    },
    "9": {
      "backbone": 1,
      "congruenceands": "true",
      "congruencexors": "false",
      "phase": "false",
      "probeint": 672,
      "restartint": 5822,
      "sweepclauses": 1086175958,
      "target": 1,
      "vivifyirr": 63,
      "congruenceandarity": 172231
    },
    "10": {
      "backbone": 1,
      "congruenceands": "true",
      "congruencexors": "false",
      "phase": "true",
      "probeint": 615,
      "restartint": 5473,
      "sweepclauses": 799556293,
      "target": 0,
      "vivifyirr": 3,
      "congruenceandarity": 1000000
    }
  },
  "config_origins": {
    "1": "Initial Design: Sobol",
    "2": "Initial Design: Sobol",
    "3": "Acquisition Function Maximizer: Local Search",
    "4": "Acquisition Function Maximizer: Local Search",
    "5": "Acquisition Function Maximizer: Local Search",
    "6": "Acquisition Function Maximizer: Local Search",
    "7": "Acquisition Function Maximizer: Local Search",
    "8": "Acquisition Function Maximizer: Local Search",
    "9": "Acquisition Function Maximizer: Local Search",
    "10": "Acquisition Function Maximizer: Local Search"
  }
}