{
  "incumbent_ids": [
    5
  ],
  "rejected_config_ids": [
    1,
    3,
    4,
    2,
    6,
    7,
    8,
    9,
    10
  ],
  "incumbents_changed": 3,
  "trajectory": [
    {
      "config_ids": [
        1
      ],
      "costs": [
        105110.10426402092
      ],
      "trial": 1,
      "walltime": 55112.267941474915
    },
    {
      "config_ids": [
        2
      ],
      "costs": [
        89310.32785439491
      ],
      "trial": 2,
      "walltime": 104423.79335546494
    },
    {
      "config_ids": [
        5
      ],
      "costs": [
        88226.36091637611
      ],
      "trial": 5,
      "walltime": 259868.73013329506
    }
  ],
  "state": {
    "queue": [
      [
        10,
        1
      ]
    ]
  }
}