{
  "stats": {
    "submitted": 10,
    "finished": 10,
    "running": 0
  },
  "data": [
    [
      1,
      null,
      209652396,
      null,
      105110.10426402092,
      55112.25256538391,
      1,
      1732140055.5970623,
      1732195167.860014,
      {}
    ],
    [
      2,
      null,
      209652396,
      null,
      89310.32785439491,
      49311.501772880554,
      1,
      1732195167.8728466,
      1732244479.3845406,
      {}
    ],
    [
      3,
      null,
      209652396,
      null,
      103715.15066099167,
      53715.99719452858,
      1,
      1732244481.473929,
      1732298197.4808881,
      {}
    ],
    [
      4,
      null,
      209652396,
      null,
      98498.90713572502,
      53499.70836496353,
      1,
      1732298197.4946842,
      1732351697.2133949,
      {}
    ],
    [
      5,
      null,
      209652396,
      null,
      88226.36091637611,
      48227.08351993561,
      1,
      1732351697.2279513,
      1732399924.321353,
      {}
    ],
    [
      6,
      null,
      209652396,
      null,
      98091.39553928375,
      53092.41173481941,
      1,
      1732399924.337609,
      1732453016.759723,
      {}
    ],
    [
      7,
      null,
      209652396,
      null,
      98566.65232181549,
      53569.07768249512,
      1,
      1732453016.7759027,
      1732506585.8634424,
      {}
    ],
    [
      8,
      null,
      209652396,
      null,
      88990.66034984589,
      48991.640406131744,
      1,
      1732506585.8806028,
      1732555577.530883,
      {}
    ],
    [
      9,
      null,
      209652396,
      null,
      89721.46490764618,
      49722.414538145065,
      1,
      1732555577.5648491,
      1732605299.9898186,
      {}
    ],
    [
      10,
      null,
      209652396,
      null,
      89008.00623679161,
      49008.84987163544,
      1,
      1732605300.0085492,
      1732654308.8682761,
      {}
    ]
  ],
  "configs": {
    "1": {
      "backbone": 1,
      "congruenceands": "false",
      "congruencexors": "true",
      "phase": "true",
      "probeint": 862,
      "restartint": 4956,
      "sweepclauses": 2061531719,
      "target": 2,
      "vivifyirr": 77,
      "congruencexorarity": 10
    },
    "2": {
      "backbone": 2,
      "congruenceands": "true",
      "congruencexors": "false",
      "phase": "false",
      "probeint": 276,
      "restartint": 5973,
      "sweepclauses": 537228092,
      "target": 1,
      "vivifyirr": 9,
      "congruenceandarity": 876
    },
    "3": {
      "backbone": 0,
      "congruenceands": "false",
      "congruencexors": "false",
      "phase": "false",
      "probeint": 36,
      "restartint": 5607,
      "sweepclauses": 1810819215,
      "target": 2,
      "vivifyirr": 71
    },
    "4": {
      "backbone": 1,
      "congruenceands": "false",
      "congruencexors": "false",
      "phase": "true",
      "probeint": 79,
      "restartint": 6000,
      "sweepclauses": 340041433,
      "target": 1,
      "vivifyirr": 29
    },
    "5": {
      "backbone": 2,
      "congruenceands": "true",
      "congruencexors": "false",
      "phase": "true",
      "probeint": 608,
      "restartint": 7034,
      "sweepclauses": 954679991,
      "target": 1,
      "vivifyirr": 4,
      "congruenceandarity": 1000000
    },
    "6": {
      "backbone": 0,
      "congruenceands": "false",
      "congruencexors": "false",
      "phase": "false",
      "probeint": 101,
      "restartint": 6484,
      "sweepclauses": 548342518,
      "target": 1,
      "vivifyirr": 76
    },
    "7": {
      "backbone": 1,
      "congruenceands": "false",
      "congruencexors": "false",
      "phase": "true",
      "probeint": 205,
      "restartint": 8535,
      "sweepclauses": 1099993009,
      "target": 0,
      "vivifyirr": 52
    },
    "8": {
      "backbone": 1,
      "congruenceands": "true",
      "congruencexors": "false",
      "phase": "false",
      "probeint": 440,
      "restartint": 7112,
      "sweepclauses": 1057393875,
      "target": 2,
      "vivifyirr": 88,
      "congruenceandarity": 1000000
    },
    "9": {
      "backbone": 1,
      "congruenceands": "true",
      "congruencexors": "false",
      "phase": "false",
      "probeint": 672,
      "restartint": 5822,
      "sweepclauses": 1086175958,
      "target": 1,
      "vivifyirr": 63,
      "congruenceandarity": 172231
    },
    "10": {
      "backbone": 1,
      "congruenceands": "true",
      "congruencexors": "false",
      "phase": "true",
      "probeint": 615,
      "restartint": 5473,
      "sweepclauses": 799556293,
      "target": 0,
      "vivifyirr": 3,
      "congruenceandarity": 1000000
    }
  },
  "config_origins": {
    "1": "Initial Design: Sobol",
    "2": "Initial Design: Sobol",
    "3": "Acquisition Function Maximizer: Local Search",
    "4": "Acquisition Function Maximizer: Local Search",
    "5": "Acquisition Function Maximizer: Local Search",
    "6": "Acquisition Function Maximizer: Local Search",
    "7": "Acquisition Function Maximizer: Local Search",
    "8": "Acquisition Function Maximizer: Local Search",
    "9": "Acquisition Function Maximizer: Local Search",
    "10": "Acquisition Function Maximizer: Local Search"
  }
}