{
  "incumbent_ids": [
    9
  ],
  "rejected_config_ids": [
    2,
    3,
    1,
    5,
    6,
    7,
    8,
    4,
    10
  ],
  "incumbents_changed": 3,
  "trajectory": [
    {
      "config_ids": [
        1
      ],
      "costs": [
        148680.4932537079
      ],
      "trial": 1,
      "walltime": 78681.69347381592
    },
    {
      "config_ids": [
        4
      ],
      "costs": [
        144292.716039896
      ],
      "trial": 4,
      "walltime": 319834.2099277973
    },
    {
      "config_ids": [
        9
      ],
      "costs": [
        144094.94339108467
      ],
      "trial": 9,
      "walltime": 711283.3312013149
    }
  ],
  "state": {
    "queue": [
      [
        10,
        1
      ]
    ]
  }
}