{
  "stats": {
    "submitted": 10,
    "finished": 10,
    "running": 0
  },
  "data": [
    [
      1,
      null,
      209652396,
      null,
      148680.4932537079,
      78681.67795157433,
      1,
      1732140055.5967953,
      1732218737.2851484,
      {}
    ],
    [
      2,
      null,
      209652396,
      null,
      149227.07342791557,
      79227.95622444153,
      1,
      1732218737.2982047,
      1732297965.2643962,
      {}
    ],
    [
      3,
      null,
      209652396,
      null,
      172627.72394394875,
      87628.60147237778,
      1,
      1732297967.5673316,
      1732385596.1786191,
      {}
    ],
    [
      4,
      null,
      209652396,
      null,
      144292.716039896,
      74293.5835492611,
      1,
      1732385596.2067456,
      1732459889.8007443,
      {}
    ],
    [
      5,
      null,
      209652396,
      null,
      153245.21035003662,
      78246.0790116787,
      1,
      1732459889.8309803,
      1732538135.9198914,
      {}
    ],
    [
      6,
      null,
      209652396,
      null,
      153869.45182824135,
      78870.34577775002,
      1,
      1732538135.94986,
      1732617006.3056202,
      {}
    ],
    [
      7,
      null,
      209652396,
      null,
      154235.589666605,
      79236.4005742073,
      1,
      1732617006.3385682,
      1732696242.749717,
      {}
    ],
    [
      8,
      null,
      209652396,
      null,
      160999.24952459335,
      81000.2469522953,
      1,
      1732696242.7696478,
      1732777243.0265074,
      {}
    ],
    [
      9,
      null,
      209652396,
      null,
      144094.94339108467,
      74095.86706376076,
      1,
      1732777243.0445652,
      1732851338.9220455,
      {}
    ],
    [
      10,
      null,
      209652396,
      null,
      155704.83241963387,
      80705.71613788605,
      1,
      1732851338.9428573,
      1732932044.6689098,
      {}
    ]
  ],
  "configs": {
    "1": {
      "backbone": 1,
      "congruenceands": "false",
      "congruencexors": "true",
      "phase": "true",
      "probeint": 862,
      "restartint": 4956,
      "sweepclauses": 2061531719,
      "target": 2,
      "vivifyirr": 77,
      "congruencexorarity": 10
    },
    "2": {
      "backbone": 2,
      "congruenceands": "true",
      "congruencexors": "false",
      "phase": "false",
      "probeint": 276,
      "restartint": 5973,
      "sweepclauses": 537228092,
      "target": 1,
      "vivifyirr": 9,
      "congruenceandarity": 876
    },
    "3": {
      "backbone": 2,
      "congruenceands": "true",
      "congruencexors": "true",
      "phase": "true",
      "probeint": 903,
      "restartint": 2831,
      "sweepclauses": 51750413,
      "target": 0,
      "vivifyirr": 51,
      "congruenceandarity": 9463,
      "congruencexorarity": 9
    },
    "4": {
      "backbone": 2,
      "congruenceands": "false",
      "congruencexors": "true",
      "phase": "true",
      "probeint": 813,
      "restartint": 4001,
      "sweepclauses": 1861851691,
      "target": 1,
      "vivifyirr": 43,
      "congruencexorarity": 17
    },
    "5": {
      "backbone": 0,
      "congruenceands": "true",
      "congruencexors": "true",
      "phase": "true",
      "probeint": 890,
      "restartint": 1531,
      "sweepclauses": 455945903,
      "target": 2,
      "vivifyirr": 63,
      "congruenceandarity": 83230,
      "congruencexorarity": 8
    },
    "6": {
      "backbone": 2,
      "congruenceands": "false",
      "congruencexors": "true",
      "phase": "false",
      "probeint": 844,
      "restartint": 4756,
      "sweepclauses": 48831986,
      "target": 1,
      "vivifyirr": 32,
      "congruencexorarity": 9
    },
    "7": {
      "backbone": 2,
      "congruenceands": "false",
      "congruencexors": "true",
      "phase": "true",
      "probeint": 841,
      "restartint": 609,
      "sweepclauses": 866452063,
      "target": 1,
      "vivifyirr": 26,
      "congruencexorarity": 9
    },
    "8": {
      "backbone": 2,
      "congruenceands": "true",
      "congruencexors": "true",
      "phase": "false",
      "probeint": 827,
      "restartint": 732,
      "sweepclauses": 1148070346,
      "target": 2,
      "vivifyirr": 23,
      "congruenceandarity": 55895,
      "congruencexorarity": 11
    },
    "9": {
      "backbone": 2,
      "congruenceands": "false",
      "congruencexors": "true",
      "phase": "false",
      "probeint": 966,
      "restartint": 226,
      "sweepclauses": 1647130177,
      "target": 2,
      "vivifyirr": 4,
      "congruencexorarity": 15
    },
    "10": {
      "backbone": 2,
      "congruenceands": "false",
      "congruencexors": "true",
      "phase": "false",
      "probeint": 980,
      "restartint": 1904,
      "sweepclauses": 297737064,
      "target": 0,
      "vivifyirr": 53,
      "congruencexorarity": 20
    }
  },
  "config_origins": {
    "1": "Initial Design: Sobol",
    "2": "Initial Design: Sobol",
    "3": "Acquisition Function Maximizer: Local Search",
    "4": "Acquisition Function Maximizer: Local Search",
    "5": "Acquisition Function Maximizer: Local Search",
    "6": "Acquisition Function Maximizer: Local Search",
    "7": "Acquisition Function Maximizer: Local Search",
    "8": "Acquisition Function Maximizer: Local Search",
    "9": "Acquisition Function Maximizer: Local Search",
    "10": "Acquisition Function Maximizer: Local Search"
  }
}