{
  "stats": {
    "submitted": 10,
    "finished": 10,
    "running": 0
  },
  "data": [
    [
      1,
      null,
      209652396,
      null,
      70126.93064928055,
      40128.30490517616,
      1,
      1732140055.5972366,
      1732180183.9125156,
      {}
    ],
    [
      2,
      null,
      209652396,
      null,
      82186.20748090744,
      47187.18542790413,
      1,
      1732180183.9253538,
      1732227371.1207407,
      {}
    ],
    [
      3,
      null,
      209652396,
      null,
      90845.71219348907,
      50846.733902454376,
      1,
      1732227373.4056067,
      1732278220.1493392,
      {}
    ],
    [
      4,
      null,
      209652396,
      null,
      83619.6255838871,
      43620.60306239128,
      1,
      1732278220.1632042,
      1732321840.77665,
      {}
    ],
    [
      5,
      null,
      209652396,
      null,
      83046.89170098305,
      43047.817368745804,
      1,
      1732321840.7915137,
      1732364888.6188028,
      {}
    ],
    [
      6,
      null,
      209652396,
      null,
      70655.85796785355,
      40656.85341668129,
      1,
      1732364888.637291,
      1732405545.500628,
      {}
    ],
    [
      7,
      null,
      209652396,
      null,
      77190.49922990799,
      42191.455283641815,
      1,
      1732405545.5195374,
      1732447736.985227,
      {}
    ],
    [
      8,
      null,
      209652396,
      null,
      80256.23620581627,
      45257.18915939331,
      1,
      1732447737.0022497,
      1732492994.2013524,
      {}
    ],
    [
      9,
      null,
      209652396,
      null,
      79474.36132454872,
      44475.288484573364,
      1,
      1732492994.2246864,
      1732537469.523542,
      {}
    ],
    [
      10,
      null,
      209652396,
      null,
      72185.42057156563,
      42186.78595352173,
      1,
      1732537469.5650566,
      1732579656.3609436,
      {}
    ]
  ],
  "configs": {
    "1": {
      "backbone": 1,
      "congruenceands": "false",
      "congruencexors": "true",
      "phase": "true",
      "probeint": 862,
      "restartint": 4956,
      "sweepclauses": 2061531719,
      "target": 2,
      "vivifyirr": 77,
      "congruencexorarity": 10
    },
    "2": {
      "backbone": 2,
      "congruenceands": "true",
      "congruencexors": "false",
      "phase": "false",
      "probeint": 276,
      "restartint": 5973,
      "sweepclauses": 537228092,
      "target": 1,
      "vivifyirr": 9,
      "congruenceandarity": 876
    },
    "3": {
      "backbone": 2,
      "congruenceands": "true",
      "congruencexors": "true",
      "phase": "true",
      "probeint": 903,
      "restartint": 2831,
      "sweepclauses": 51750413,
      "target": 0,
      "vivifyirr": 51,
      "congruenceandarity": 9463,
      "congruencexorarity": 9
    },
    "4": {
      "backbone": 2,
      "congruenceands": "false",
      "congruencexors": "true",
      "phase": "true",
      "probeint": 813,
      "restartint": 4001,
      "sweepclauses": 1861851691,
      "target": 1,
      "vivifyirr": 43,
      "congruencexorarity": 17
    },
    "5": {
      "backbone": 0,
      "congruenceands": "true",
      "congruencexors": "true",
      "phase": "true",
      "probeint": 890,
      "restartint": 1531,
      "sweepclauses": 455945903,
      "target": 2,
      "vivifyirr": 63,
      "congruenceandarity": 83230,
      "congruencexorarity": 8
    },
    "6": {
      "backbone": 2,
      "congruenceands": "false",
      "congruencexors": "true",
      "phase": "false",
      "probeint": 844,
      "restartint": 4756,
      "sweepclauses": 48831986,
      "target": 1,
      "vivifyirr": 32,
      "congruencexorarity": 9
    },
    "7": {
      "backbone": 2,
      "congruenceands": "false",
      "congruencexors": "true",
      "phase": "true",
      "probeint": 841,
      "restartint": 609,
      "sweepclauses": 866452063,
      "target": 1,
      "vivifyirr": 26,
      "congruencexorarity": 9
    },
    "8": {
      "backbone": 2,
      "congruenceands": "true",
      "congruencexors": "true",
      "phase": "false",
      "probeint": 827,
      "restartint": 732,
      "sweepclauses": 1148070346,
      "target": 2,
      "vivifyirr": 23,
      "congruenceandarity": 55895,
      "congruencexorarity": 11
    },
    "9": {
      "backbone": 2,
      "congruenceands": "false",
      "congruencexors": "true",
      "phase": "false",
      "probeint": 966,
      "restartint": 226,
      "sweepclauses": 1647130177,
      "target": 2,
      "vivifyirr": 4,
      "congruencexorarity": 15
    },
    "10": {
      "backbone": 2,
      "congruenceands": "false",
      "congruencexors": "true",
      "phase": "false",
      "probeint": 980,
      "restartint": 1904,
      "sweepclauses": 297737064,
      "target": 0,
      "vivifyirr": 53,
      "congruencexorarity": 20
    }
  },
  "config_origins": {
    "1": "Initial Design: Sobol",
    "2": "Initial Design: Sobol",
    "3": "Acquisition Function Maximizer: Local Search",
    "4": "Acquisition Function Maximizer: Local Search",
    "5": "Acquisition Function Maximizer: Local Search",
    "6": "Acquisition Function Maximizer: Local Search",
    "7": "Acquisition Function Maximizer: Local Search",
    "8": "Acquisition Function Maximizer: Local Search",
    "9": "Acquisition Function Maximizer: Local Search",
    "10": "Acquisition Function Maximizer: Local Search"
  }
}