{
  "stats": {
    "submitted": 10,
    "finished": 10,
    "running": 0
  },
  "data": [
    [
      1,
      null,
      209652396,
      null,
      41878.63063120842,
      21879.729712486267,
      1,
      1732654315.3688924,
      1732676195.1090074,
      {}
    ],
    [
      2,
      null,
      209652396,
      null,
      41330.17294406891,
      21331.12050294876,
      1,
      1732676195.1221616,
      1732697526.2526073,
      {}
    ],
    [
      3,
      null,
      209652396,
      null,
      40684.35773181915,
      20686.039804458618,
      1,
      1732697528.3409207,
      1732718214.3905134,
      {}
    ],
    [
      4,
      null,
      209652396,
      null,
      41202.374081134796,
      21203.41591334343,
      1,
      1732718214.4056392,
      1732739417.8318937,
      {}
    ],
    [
      5,
      null,
      209652396,
      null,
      41318.027579307556,
      21319.118932962418,
      1,
      1732739417.8474832,
      1732760736.976347,
      {}
    ],
    [
      6,
      null,
      209652396,
      null,
      40699.72341799736,
      20700.796721935272,
      1,
      1732760736.9922206,
      1732781437.7992947,
      {}
    ],
    [
      7,
      null,
      209652396,
      null,
      42216.81853222847,
      22217.89367389679,
      1,
      1732781437.815583,
      1732803655.7191503,
      {}
    ],
    [
      8,
      null,
      209652396,
      null,
      43179.879754304886,
      23180.969454050064,
      1,
      1732803655.736302,
      1732826836.7156575,
      {}
    ],
    [
      9,
      null,
      209652396,
      null,
      42125.49817490578,
      22126.59924030304,
      1,
      1732826836.7337058,
      1732848963.3433788,
      {}
    ],
    [
      10,
      null,
      209652396,
      null,
      41705.44047665596,
      21706.584403276443,
      1,
      1732848963.3627238,
      1732870669.9571524,
      {}
    ]
  ],
  "configs": {
    "1": {
      "backbone": 1,
      "congruenceands": "false",
      "congruencexors": "true",
      "phase": "true",
      "probeint": 862,
      "restartint": 4956,
      "sweepclauses": 2061531719,
      "target": 2,
      "vivifyirr": 77,
      "congruencexorarity": 10
    },
    "2": {
      "backbone": 2,
      "congruenceands": "true",
      "congruencexors": "false",
      "phase": "false",
      "probeint": 276,
      "restartint": 5973,
      "sweepclauses": 537228092,
      "target": 1,
      "vivifyirr": 9,
      "congruenceandarity": 876
    },
    "3": {
      "backbone": 0,
      "congruenceands": "false",
      "congruencexors": "false",
      "phase": "false",
      "probeint": 36,
      "restartint": 5607,
      "sweepclauses": 1810819215,
      "target": 2,
      "vivifyirr": 71
    },
    "4": {
      "backbone": 1,
      "congruenceands": "false",
      "congruencexors": "false",
      "phase": "true",
      "probeint": 79,
      "restartint": 6000,
      "sweepclauses": 340041433,
      "target": 1,
      "vivifyirr": 29
    },
    "5": {
      "backbone": 2,
      "congruenceands": "true",
      "congruencexors": "false",
      "phase": "true",
      "probeint": 608,
      "restartint": 7034,
      "sweepclauses": 954679991,
      "target": 1,
      "vivifyirr": 4,
      "congruenceandarity": 1000000
    },
    "6": {
      "backbone": 0,
      "congruenceands": "false",
      "congruencexors": "false",
      "phase": "false",
      "probeint": 101,
      "restartint": 6484,
      "sweepclauses": 548342518,
      "target": 1,
      "vivifyirr": 76
    },
    "7": {
      "backbone": 1,
      "congruenceands": "false",
      "congruencexors": "false",
      "phase": "true",
      "probeint": 205,
      "restartint": 8535,
      "sweepclauses": 1099993009,
      "target": 0,
      "vivifyirr": 52
    },
    "8": {
      "backbone": 1,
      "congruenceands": "true",
      "congruencexors": "false",
      "phase": "false",
      "probeint": 440,
      "restartint": 7112,
      "sweepclauses": 1057393875,
      "target": 2,
      "vivifyirr": 88,
      "congruenceandarity": 1000000
    },
    "9": {
      "backbone": 1,
      "congruenceands": "true",
      "congruencexors": "false",
      "phase": "false",
      "probeint": 672,
      "restartint": 5822,
      "sweepclauses": 1086175958,
      "target": 1,
      "vivifyirr": 63,
      "congruenceandarity": 172231
    },
    "10": {
      "backbone": 1,
      "congruenceands": "true",
      "congruencexors": "false",
      "phase": "true",
      "probeint": 615,
      "restartint": 5473,
      "sweepclauses": 799556293,
      "target": 0,
      "vivifyirr": 3,
      "congruenceandarity": 1000000
    }
  },
  "config_origins": {
    "1": "Initial Design: Sobol",
    "2": "Initial Design: Sobol",
    "3": "Acquisition Function Maximizer: Local Search",
    "4": "Acquisition Function Maximizer: Local Search",
    "5": "Acquisition Function Maximizer: Local Search",
    "6": "Acquisition Function Maximizer: Local Search",
    "7": "Acquisition Function Maximizer: Local Search",
    "8": "Acquisition Function Maximizer: Local Search",
    "9": "Acquisition Function Maximizer: Local Search",
    "10": "Acquisition Function Maximizer: Local Search"
  }
}