{
  "stats": {
    "submitted": 10,
    "finished": 10,
    "running": 0
  },
  "data": [
    [
      1,
      null,
      209652396,
      null,
      70563.86805462837,
      45565.16494226456,
      1,
      1732140055.5950973,
      1732185620.770478,
      {}
    ],
    [
      2,
      null,
      209652396,
      null,
      67925.82172632217,
      42926.58498167992,
      1,
      1732185620.7863083,
      1732228547.3813486,
      {}
    ],
    [
      3,
      null,
      209652396,
      null,
      72550.60803794861,
      47551.402135849,
      1,
      1732228549.487825,
      1732276100.8997855,
      {}
    ],
    [
      4,
      null,
      209652396,
      null,
      68240.81168842316,
      43241.69270801544,
      1,
      1732276100.9168713,
      1732319342.6199636,
      {}
    ],
    [
      5,
      null,
      209652396,
      null,
      67801.7889072895,
      42802.55181646347,
      1,
      1732319342.6351376,
      1732362145.1968894,
      {}
    ],
    [
      6,
      null,
      209652396,
      null,
      68170.76031279564,
      43171.56624293327,
      1,
      1732362145.2164538,
      1732405316.793094,
      {}
    ],
    [
      7,
      null,
      209652396,
      null,
      60338.099459409714,
      40338.98617577553,
      1,
      1732405316.8116207,
      1732445655.8077102,
      {}
    ],
    [
      8,
      null,
      209652396,
      null,
      68961.35274028778,
      43962.27359890938,
      1,
      1732445655.8288593,
      1732489618.1123693,
      {}
    ],
    [
      9,
      null,
      209652396,
      null,
      61897.77238535881,
      41898.516798496246,
      1,
      1732489618.134057,
      1732531516.6613388,
      {}
    ],
    [
      10,
      null,
      209652396,
      null,
      58553.04307937622,
      38553.8675327301,
      1,
      1732531516.6960022,
      1732570070.5735686,
      {}
    ]
  ],
  "configs": {
    "1": {
      "backbone": 1,
      "congruenceands": "false",
      "congruencexors": "true",
      "phase": "true",
      "probeint": 862,
      "restartint": 4956,
      "sweepclauses": 2061531719,
      "target": 2,
      "vivifyirr": 77,
      "congruencexorarity": 10
    },
    "2": {
      "backbone": 2,
      "congruenceands": "true",
      "congruencexors": "false",
      "phase": "false",
      "probeint": 276,
      "restartint": 5973,
      "sweepclauses": 537228092,
      "target": 1,
      "vivifyirr": 9,
      "congruenceandarity": 876
    },
    "3": {
      "backbone": 0,
      "congruenceands": "false",
      "congruencexors": "false",
      "phase": "false",
      "probeint": 36,
      "restartint": 5607,
      "sweepclauses": 1810819215,
      "target": 2,
      "vivifyirr": 71
    },
    "4": {
      "backbone": 1,
      "congruenceands": "false",
      "congruencexors": "false",
      "phase": "true",
      "probeint": 79,
      "restartint": 6000,
      "sweepclauses": 340041433,
      "target": 1,
      "vivifyirr": 29
    },
    "5": {
      "backbone": 2,
      "congruenceands": "true",
      "congruencexors": "false",
      "phase": "true",
      "probeint": 608,
      "restartint": 7034,
      "sweepclauses": 954679991,
      "target": 1,
      "vivifyirr": 4,
      "congruenceandarity": 1000000
    },
    "6": {
      "backbone": 0,
      "congruenceands": "false",
      "congruencexors": "false",
      "phase": "false",
      "probeint": 101,
      "restartint": 6484,
      "sweepclauses": 548342518,
      "target": 1,
      "vivifyirr": 76
    },
    "7": {
      "backbone": 1,
      "congruenceands": "false",
      "congruencexors": "false",
      "phase": "true",
      "probeint": 205,
      "restartint": 8535,
      "sweepclauses": 1099993009,
      "target": 0,
      "vivifyirr": 52
    },
    "8": {
      "backbone": 1,
      "congruenceands": "true",
      "congruencexors": "false",
      "phase": "false",
      "probeint": 440,
      "restartint": 7112,
      "sweepclauses": 1057393875,
      "target": 2,
      "vivifyirr": 88,
      "congruenceandarity": 1000000
    },
    "9": {
      "backbone": 1,
      "congruenceands": "true",
      "congruencexors": "false",
      "phase": "false",
      "probeint": 672,
      "restartint": 5822,
      "sweepclauses": 1086175958,
      "target": 1,
      "vivifyirr": 63,
      "congruenceandarity": 172231
    },
    "10": {
      "backbone": 1,
      "congruenceands": "true",
      "congruencexors": "false",
      "phase": "true",
      "probeint": 615,
      "restartint": 5473,
      "sweepclauses": 799556293,
      "target": 0,
      "vivifyirr": 3,
      "congruenceandarity": 1000000
    }
  },
  "config_origins": {
    "1": "Initial Design: Sobol",
    "2": "Initial Design: Sobol",
    "3": "Acquisition Function Maximizer: Local Search",
    "4": "Acquisition Function Maximizer: Local Search",
    "5": "Acquisition Function Maximizer: Local Search",
    "6": "Acquisition Function Maximizer: Local Search",
    "7": "Acquisition Function Maximizer: Local Search",
    "8": "Acquisition Function Maximizer: Local Search",
    "9": "Acquisition Function Maximizer: Local Search",
    "10": "Acquisition Function Maximizer: Local Search"
  }
}