{
  "incumbent_ids": [
    3
  ],
  "rejected_config_ids": [
    2,
    1,
    4,
    5,
    6,
    7,
    8,
    9,
    10
  ],
  "incumbents_changed": 2,
  "trajectory": [
    {
      "config_ids": [
        1
      ],
      "costs": [
        10656.082929611206
      ],
      "trial": 1,
      "walltime": 10656.732033252716
    },
    {
      "config_ids": [
        3
      ],
      "costs": [
        6791.364634752274
      ],
      "trial": 3,
      "walltime": 29229.113480567932
    }
  ],
  "state": {
    "queue": [
      [
        10,
        1
      ]
    ]
  }
}