{
  "stats": {
    "submitted": 10,
    "finished": 10,
    "running": 0
  },
  "data": [
    [
      1,
      null,
      209652396,
      null,
      10656.082929611206,
      10656.716704130173,
      1,
      1732170445.1154158,
      1732181101.842512,
      {}
    ],
    [
      2,
      null,
      209652396,
      null,
      11777.415282011032,
      11778.021363973618,
      1,
      1732181101.8567574,
      1732192879.8881302,
      {}
    ],
    [
      3,
      null,
      209652396,
      null,
      6791.364634752274,
      6792.035306453705,
      1,
      1732192882.1777985,
      1732199674.2228994,
      {}
    ],
    [
      4,
      null,
      209652396,
      null,
      11132.52509522438,
      11133.15115571022,
      1,
      1732199674.2377264,
      1732210807.3992236,
      {}
    ],
    [
      5,
      null,
      209652396,
      null,
      6799.316322803497,
      6799.92196559906,
      1,
      1732210807.4173012,
      1732217607.3491776,
      {}
    ],
    [
      6,
      null,
      209652396,
      null,
      11169.507915973663,
      11170.133832216263,
      1,
      1732217607.3785903,
      1732228777.5224295,
      {}
    ],
    [
      7,
      null,
      209652396,
      null,
      10757.217766284943,
      10757.819640159607,
      1,
      1732228777.5535052,
      1732239535.3836122,
      {}
    ],
    [
      8,
      null,
      209652396,
      null,
      7002.2536444664,
      7002.857275009155,
      1,
      1732239535.4033515,
      1732246538.270515,
      {}
    ],
    [
      9,
      null,
      209652396,
      null,
      9409.595531225204,
      9410.225467205048,
      1,
      1732246538.2889953,
      1732255948.5248208,
      {}
    ],
    [
      10,
      null,
      209652396,
      null,
      9577.683885335922,
      9578.28913283348,
      1,
      1732255948.54549,
      1732265526.8445568,
      {}
    ]
  ],
  "configs": {
    "1": {
      "backbone": 1,
      "congruenceands": "false",
      "congruencexors": "true",
      "phase": "true",
      "probeint": 862,
      "restartint": 4956,
      "sweepclauses": 2061531719,
      "target": 2,
      "vivifyirr": 77,
      "congruencexorarity": 10
    },
    "2": {
      "backbone": 2,
      "congruenceands": "true",
      "congruencexors": "false",
      "phase": "false",
      "probeint": 276,
      "restartint": 5973,
      "sweepclauses": 537228092,
      "target": 1,
      "vivifyirr": 9,
      "congruenceandarity": 876
    },
    "3": {
      "backbone": 2,
      "congruenceands": "true",
      "congruencexors": "true",
      "phase": "true",
      "probeint": 903,
      "restartint": 2831,
      "sweepclauses": 51750413,
      "target": 0,
      "vivifyirr": 51,
      "congruenceandarity": 9463,
      "congruencexorarity": 9
    },
    "4": {
      "backbone": 2,
      "congruenceands": "false",
      "congruencexors": "true",
      "phase": "true",
      "probeint": 813,
      "restartint": 4001,
      "sweepclauses": 1861851691,
      "target": 1,
      "vivifyirr": 43,
      "congruencexorarity": 17
    },
    "5": {
      "backbone": 0,
      "congruenceands": "true",
      "congruencexors": "true",
      "phase": "true",
      "probeint": 890,
      "restartint": 1531,
      "sweepclauses": 455945903,
      "target": 2,
      "vivifyirr": 63,
      "congruenceandarity": 83230,
      "congruencexorarity": 8
    },
    "6": {
      "backbone": 2,
      "congruenceands": "false",
      "congruencexors": "true",
      "phase": "false",
      "probeint": 844,
      "restartint": 4756,
      "sweepclauses": 48831986,
      "target": 1,
      "vivifyirr": 32,
      "congruencexorarity": 9
    },
    "7": {
      "backbone": 2,
      "congruenceands": "false",
      "congruencexors": "true",
      "phase": "true",
      "probeint": 841,
      "restartint": 609,
      "sweepclauses": 866452063,
      "target": 1,
      "vivifyirr": 26,
      "congruencexorarity": 9
    },
    "8": {
      "backbone": 2,
      "congruenceands": "true",
      "congruencexors": "true",
      "phase": "false",
      "probeint": 827,
      "restartint": 732,
      "sweepclauses": 1148070346,
      "target": 2,
      "vivifyirr": 23,
      "congruenceandarity": 55895,
      "congruencexorarity": 11
    },
    "9": {
      "backbone": 2,
      "congruenceands": "false",
      "congruencexors": "true",
      "phase": "false",
      "probeint": 966,
      "restartint": 226,
      "sweepclauses": 1647130177,
      "target": 2,
      "vivifyirr": 4,
      "congruencexorarity": 15
    },
    "10": {
      "backbone": 2,
      "congruenceands": "false",
      "congruencexors": "true",
      "phase": "false",
      "probeint": 980,
      "restartint": 1904,
      "sweepclauses": 297737064,
      "target": 0,
      "vivifyirr": 53,
      "congruencexorarity": 20
    }
  },
  "config_origins": {
    "1": "Initial Design: Sobol",
    "2": "Initial Design: Sobol",
    "3": "Acquisition Function Maximizer: Local Search",
    "4": "Acquisition Function Maximizer: Local Search",
    "5": "Acquisition Function Maximizer: Local Search",
    "6": "Acquisition Function Maximizer: Local Search",
    "7": "Acquisition Function Maximizer: Local Search",
    "8": "Acquisition Function Maximizer: Local Search",
    "9": "Acquisition Function Maximizer: Local Search",
    "10": "Acquisition Function Maximizer: Local Search"
  }
}