{
  "stats": {
    "submitted": 10,
    "finished": 10,
    "running": 0
  },
  "data": [
    [
      1,
      null,
      209652396,
      null,
      16813.01101088524,
      11814.313907146454,
      1,
      1732140055.5941536,
      1732151869.9185,
      {}
    ],
    [
      2,
      null,
      209652396,
      null,
      30439.0387070179,
      20440.6073076725,
      1,
      1732151869.929993,
      1732172310.5474093,
      {}
    ],
    [
      3,
      null,
      209652396,
      null,
      21392.782355308533,
      16393.879862308502,
      1,
      1732172312.8414552,
      1732188706.731156,
      {}
    ],
    [
      4,
      null,
      209652396,
      null,
      27728.79692387581,
      17729.898049116135,
      1,
      1732188706.7600033,
      1732206436.6686091,
      {}
    ],
    [
      5,
      null,
      209652396,
      null,
      17895.54994750023,
      12896.642961263657,
      1,
      1732206436.6833477,
      1732219333.3362505,
      {}
    ],
    [
      6,
      null,
      209652396,
      null,
      22813.42067193985,
      17814.483232736588,
      1,
      1732219333.352163,
      1732237147.8458383,
      {}
    ],
    [
      7,
      null,
      209652396,
      null,
      20383.67167711258,
      15384.76350235939,
      1,
      1732237147.8615284,
      1732252532.6349933,
      {}
    ],
    [
      8,
      null,
      209652396,
      null,
      25795.780115127563,
      15796.947885274887,
      1,
      1732252532.652266,
      1732268329.6105468,
      {}
    ],
    [
      9,
      null,
      209652396,
      null,
      17959.883969783783,
      12960.939514160156,
      1,
      1732268329.631839,
      1732281290.5812733,
      {}
    ],
    [
      10,
      null,
      209652396,
      null,
      18458.281973838806,
      13459.335559606552,
      1,
      1732281290.6085155,
      1732294749.9539785,
      {}
    ]
  ],
  "configs": {
    "1": {
      "backbone": 1,
      "congruenceands": "false",
      "congruencexors": "true",
      "phase": "true",
      "probeint": 862,
      "restartint": 4956,
      "sweepclauses": 2061531719,
      "target": 2,
      "vivifyirr": 77,
      "congruencexorarity": 10
    },
    "2": {
      "backbone": 2,
      "congruenceands": "true",
      "congruencexors": "false",
      "phase": "false",
      "probeint": 276,
      "restartint": 5973,
      "sweepclauses": 537228092,
      "target": 1,
      "vivifyirr": 9,
      "congruenceandarity": 876
    },
    "3": {
      "backbone": 2,
      "congruenceands": "true",
      "congruencexors": "true",
      "phase": "true",
      "probeint": 903,
      "restartint": 2831,
      "sweepclauses": 51750413,
      "target": 0,
      "vivifyirr": 51,
      "congruenceandarity": 9463,
      "congruencexorarity": 9
    },
    "4": {
      "backbone": 2,
      "congruenceands": "false",
      "congruencexors": "true",
      "phase": "true",
      "probeint": 813,
      "restartint": 4001,
      "sweepclauses": 1861851691,
      "target": 1,
      "vivifyirr": 43,
      "congruencexorarity": 17
    },
    "5": {
      "backbone": 0,
      "congruenceands": "true",
      "congruencexors": "true",
      "phase": "true",
      "probeint": 890,
      "restartint": 1531,
      "sweepclauses": 455945903,
      "target": 2,
      "vivifyirr": 63,
      "congruenceandarity": 83230,
      "congruencexorarity": 8
    },
    "6": {
      "backbone": 2,
      "congruenceands": "false",
      "congruencexors": "true",
      "phase": "false",
      "probeint": 844,
      "restartint": 4756,
      "sweepclauses": 48831986,
      "target": 1,
      "vivifyirr": 32,
      "congruencexorarity": 9
    },
    "7": {
      "backbone": 2,
      "congruenceands": "false",
      "congruencexors": "true",
      "phase": "true",
      "probeint": 841,
      "restartint": 609,
      "sweepclauses": 866452063,
      "target": 1,
      "vivifyirr": 26,
      "congruencexorarity": 9
    },
    "8": {
      "backbone": 2,
      "congruenceands": "true",
      "congruencexors": "true",
      "phase": "false",
      "probeint": 827,
      "restartint": 732,
      "sweepclauses": 1148070346,
      "target": 2,
      "vivifyirr": 23,
      "congruenceandarity": 55895,
      "congruencexorarity": 11
    },
    "9": {
      "backbone": 2,
      "congruenceands": "false",
      "congruencexors": "true",
      "phase": "false",
      "probeint": 966,
      "restartint": 226,
      "sweepclauses": 1647130177,
      "target": 2,
      "vivifyirr": 4,
      "congruencexorarity": 15
    },
    "10": {
      "backbone": 2,
      "congruenceands": "false",
      "congruencexors": "true",
      "phase": "false",
      "probeint": 980,
      "restartint": 1904,
      "sweepclauses": 297737064,
      "target": 0,
      "vivifyirr": 53,
      "congruencexorarity": 20
    }
  },
  "config_origins": {
    "1": "Initial Design: Sobol",
    "2": "Initial Design: Sobol",
    "3": "Acquisition Function Maximizer: Local Search",
    "4": "Acquisition Function Maximizer: Local Search",
    "5": "Acquisition Function Maximizer: Local Search",
    "6": "Acquisition Function Maximizer: Local Search",
    "7": "Acquisition Function Maximizer: Local Search",
    "8": "Acquisition Function Maximizer: Local Search",
    "9": "Acquisition Function Maximizer: Local Search",
    "10": "Acquisition Function Maximizer: Local Search"
  }
}