{
  "stats": {
    "submitted": 10,
    "finished": 10,
    "running": 0
  },
  "data": [
    [
      1,
      null,
      209652396,
      null,
      109144.13487529755,
      59145.03626871109,
      1,
      1732579662.819759,
      1732638807.8664124,
      {}
    ],
    [
      2,
      null,
      209652396,
      null,
      108523.21645832062,
      58524.10022330284,
      1,
      1732638807.8831735,
      1732697331.9932902,
      {}
    ],
    [
      3,
      null,
      209652396,
      null,
      109802.35287928581,
      59803.412210702896,
      1,
      1732697334.0992737,
      1732757137.521295,
      {}
    ],
    [
      4,
      null,
      209652396,
      null,
      108477.19086813927,
      58478.332317352295,
      1,
      1732757137.537577,
      1732815615.880247,
      {}
    ],
    [
      5,
      null,
      209652396,
      null,
      107290.93205833435,
      57292.06744623184,
      1,
      1732815615.8960762,
      1732872907.9734197,
      {}
    ],
    [
      6,
      null,
      209652396,
      null,
      109683.22262310982,
      59684.31957387924,
      1,
      1732872908.0056055,
      1732932592.335533,
      {}
    ],
    [
      7,
      null,
      209652396,
      null,
      108871.69854402542,
      58872.96073818207,
      1,
      1732932592.3544412,
      1732991465.3250604,
      {}
    ],
    [
      8,
      null,
      209652396,
      null,
      109576.44043898582,
      59577.3373939991,
      1,
      1732991465.3461578,
      1733051042.693509,
      {}
    ],
    [
      9,
      null,
      209652396,
      null,
      109839.33721375465,
      59840.43020057678,
      1,
      1733051042.7268453,
      1733110883.1675627,
      {}
    ],
    [
      10,
      null,
      209652396,
      null,
      106656.98502111435,
      56658.48454260826,
      1,
      1733110883.200592,
      1733167541.6950288,
      {}
    ]
  ],
  "configs": {
    "1": {
      "backbone": 1,
      "congruenceands": "false",
      "congruencexors": "true",
      "phase": "true",
      "probeint": 862,
      "restartint": 4956,
      "sweepclauses": 2061531719,
      "target": 2,
      "vivifyirr": 77,
      "congruencexorarity": 10
    },
    "2": {
      "backbone": 2,
      "congruenceands": "true",
      "congruencexors": "false",
      "phase": "false",
      "probeint": 276,
      "restartint": 5973,
      "sweepclauses": 537228092,
      "target": 1,
      "vivifyirr": 9,
      "congruenceandarity": 876
    },
    "3": {
      "backbone": 0,
      "congruenceands": "false",
      "congruencexors": "false",
      "phase": "false",
      "probeint": 36,
      "restartint": 5607,
      "sweepclauses": 1810819215,
      "target": 2,
      "vivifyirr": 71
    },
    "4": {
      "backbone": 1,
      "congruenceands": "false",
      "congruencexors": "false",
      "phase": "true",
      "probeint": 79,
      "restartint": 6000,
      "sweepclauses": 340041433,
      "target": 1,
      "vivifyirr": 29
    },
    "5": {
      "backbone": 2,
      "congruenceands": "true",
      "congruencexors": "false",
      "phase": "true",
      "probeint": 608,
      "restartint": 7034,
      "sweepclauses": 954679991,
      "target": 1,
      "vivifyirr": 4,
      "congruenceandarity": 1000000
    },
    "6": {
      "backbone": 0,
      "congruenceands": "false",
      "congruencexors": "false",
      "phase": "false",
      "probeint": 101,
      "restartint": 6484,
      "sweepclauses": 548342518,
      "target": 1,
      "vivifyirr": 76
    },
    "7": {
      "backbone": 1,
      "congruenceands": "false",
      "congruencexors": "false",
      "phase": "true",
      "probeint": 205,
      "restartint": 8535,
      "sweepclauses": 1099993009,
      "target": 0,
      "vivifyirr": 52
    },
    "8": {
      "backbone": 1,
      "congruenceands": "true",
      "congruencexors": "false",
      "phase": "false",
      "probeint": 440,
      "restartint": 7112,
      "sweepclauses": 1057393875,
      "target": 2,
      "vivifyirr": 88,
      "congruenceandarity": 1000000
    },
    "9": {
      "backbone": 1,
      "congruenceands": "true",
      "congruencexors": "false",
      "phase": "false",
      "probeint": 672,
      "restartint": 5822,
      "sweepclauses": 1086175958,
      "target": 1,
      "vivifyirr": 63,
      "congruenceandarity": 172231
    },
    "10": {
      "backbone": 1,
      "congruenceands": "true",
      "congruencexors": "false",
      "phase": "true",
      "probeint": 615,
      "restartint": 5473,
      "sweepclauses": 799556293,
      "target": 0,
      "vivifyirr": 3,
      "congruenceandarity": 1000000
    }
  },
  "config_origins": {
    "1": "Initial Design: Sobol",
    "2": "Initial Design: Sobol",
    "3": "Acquisition Function Maximizer: Local Search",
    "4": "Acquisition Function Maximizer: Local Search",
    "5": "Acquisition Function Maximizer: Local Search",
    "6": "Acquisition Function Maximizer: Local Search",
    "7": "Acquisition Function Maximizer: Local Search",
    "8": "Acquisition Function Maximizer: Local Search",
    "9": "Acquisition Function Maximizer: Local Search",
    "10": "Acquisition Function Maximizer: Local Search"
  }
}