{
  "incumbent_ids": [
    2
  ],
  "rejected_config_ids": [
    1,
    3,
    4,
    5,
    6,
    7,
    8,
    9,
    10
  ],
  "incumbents_changed": 2,
  "trajectory": [
    {
      "config_ids": [
        1
      ],
      "costs": [
        156109.20891785622
      ],
      "trial": 1,
      "walltime": 81110.41028881073
    },
    {
      "config_ids": [
        2
      ],
      "costs": [
        149973.0892484188
      ],
      "trial": 2,
      "walltime": 161084.40323996544
    }
  ],
  "state": {
    "queue": [
      [
        10,
        1
      ]
    ]
  }
}