{
  "stats": {
    "submitted": 10,
    "finished": 10,
    "running": 0
  },
  "data": [
    [
      1,
      null,
      209652396,
      null,
      156109.20891785622,
      81110.39518427849,
      1,
      1732140055.5953562,
      1732221166.0009468,
      {}
    ],
    [
      2,
      null,
      209652396,
      null,
      149973.0892484188,
      79973.9684021473,
      1,
      1732221166.0140746,
      1732301139.9926255,
      {}
    ],
    [
      3,
      null,
      209652396,
      null,
      157689.7415549755,
      82690.68065977097,
      1,
      1732301142.091374,
      1732383832.781815,
      {}
    ],
    [
      4,
      null,
      209652396,
      null,
      157331.20217990875,
      82332.99070715904,
      1,
      1732383832.7980828,
      1732466165.7987146,
      {}
    ],
    [
      5,
      null,
      209652396,
      null,
      155153.7326860428,
      80154.63907599449,
      1,
      1732466165.827595,
      1732546320.476634,
      {}
    ],
    [
      6,
      null,
      209652396,
      null,
      157382.8248231411,
      82383.77998757362,
      1,
      1732546320.5072422,
      1732628704.2972233,
      {}
    ],
    [
      7,
      null,
      209652396,
      null,
      154251.58544802666,
      79252.48543667793,
      1,
      1732628704.3161519,
      1732707956.8121212,
      {}
    ],
    [
      8,
      null,
      209652396,
      null,
      155954.25405406952,
      80955.18318557739,
      1,
      1732707956.843622,
      1732788912.0369303,
      {}
    ],
    [
      9,
      null,
      209652396,
      null,
      154565.9849743843,
      79566.96051955223,
      1,
      1732788912.0556855,
      1732868479.0264843,
      {}
    ],
    [
      10,
      null,
      209652396,
      null,
      154320.56887173653,
      79321.50258779526,
      1,
      1732868479.0620968,
      1732947800.5754144,
      {}
    ]
  ],
  "configs": {
    "1": {
      "backbone": 1,
      "congruenceands": "false",
      "congruencexors": "true",
      "phase": "true",
      "probeint": 862,
      "restartint": 4956,
      "sweepclauses": 2061531719,
      "target": 2,
      "vivifyirr": 77,
      "congruencexorarity": 10
    },
    "2": {
      "backbone": 2,
      "congruenceands": "true",
      "congruencexors": "false",
      "phase": "false",
      "probeint": 276,
      "restartint": 5973,
      "sweepclauses": 537228092,
      "target": 1,
      "vivifyirr": 9,
      "congruenceandarity": 876
    },
    "3": {
      "backbone": 0,
      "congruenceands": "false",
      "congruencexors": "false",
      "phase": "false",
      "probeint": 36,
      "restartint": 5607,
      "sweepclauses": 1810819215,
      "target": 2,
      "vivifyirr": 71
    },
    "4": {
      "backbone": 1,
      "congruenceands": "false",
      "congruencexors": "false",
      "phase": "true",
      "probeint": 79,
      "restartint": 6000,
      "sweepclauses": 340041433,
      "target": 1,
      "vivifyirr": 29
    },
    "5": {
      "backbone": 2,
      "congruenceands": "true",
      "congruencexors": "false",
      "phase": "true",
      "probeint": 608,
      "restartint": 7034,
      "sweepclauses": 954679991,
      "target": 1,
      "vivifyirr": 4,
      "congruenceandarity": 1000000
    },
    "6": {
      "backbone": 0,
      "congruenceands": "false",
      "congruencexors": "false",
      "phase": "false",
      "probeint": 101,
      "restartint": 6484,
      "sweepclauses": 548342518,
      "target": 1,
      "vivifyirr": 76
    },
    "7": {
      "backbone": 1,
      "congruenceands": "false",
      "congruencexors": "false",
      "phase": "true",
      "probeint": 205,
      "restartint": 8535,
      "sweepclauses": 1099993009,
      "target": 0,
      "vivifyirr": 52
    },
    "8": {
      "backbone": 1,
      "congruenceands": "true",
      "congruencexors": "false",
      "phase": "false",
      "probeint": 440,
      "restartint": 7112,
      "sweepclauses": 1057393875,
      "target": 2,
      "vivifyirr": 88,
      "congruenceandarity": 1000000
    },
    "9": {
      "backbone": 1,
      "congruenceands": "true",
      "congruencexors": "false",
      "phase": "false",
      "probeint": 672,
      "restartint": 5822,
      "sweepclauses": 1086175958,
      "target": 1,
      "vivifyirr": 63,
      "congruenceandarity": 172231
    },
    "10": {
      "backbone": 1,
      "congruenceands": "true",
      "congruencexors": "false",
      "phase": "true",
      "probeint": 615,
      "restartint": 5473,
      "sweepclauses": 799556293,
      "target": 0,
      "vivifyirr": 3,
      "congruenceandarity": 1000000
    }
  },
  "config_origins": {
    "1": "Initial Design: Sobol",
    "2": "Initial Design: Sobol",
    "3": "Acquisition Function Maximizer: Local Search",
    "4": "Acquisition Function Maximizer: Local Search",
    "5": "Acquisition Function Maximizer: Local Search",
    "6": "Acquisition Function Maximizer: Local Search",
    "7": "Acquisition Function Maximizer: Local Search",
    "8": "Acquisition Function Maximizer: Local Search",
    "9": "Acquisition Function Maximizer: Local Search",
    "10": "Acquisition Function Maximizer: Local Search"
  }
}