{
  "incumbent_ids": [
    30
  ],
  "rejected_config_ids": [
    2,
    1,
    4,
    5,
    6,
    7,
    8,
    9,
    10,
    11,
    12,
    13,
    14,
    15,
    16,
    17,
    18,
    19,
    20,
    21,
    22,
    23,
    24,
    25,
    26,
    27,
    28,
    29,
    3,
    31,
    32,
    33,
    34,
    35,
    36,
    37,
    38,
    39,
    40,
    41,
    42,
    43,
    44,
    45,
    46,
    47,
    48,
    49,
    50
  ],
  "incumbents_changed": 3,
  "trajectory": [
    {
      "config_ids": [
        1
      ],
      "costs": [
        65158.790613651276
      ],
      "trial": 1,
      "walltime": 1800.3808541297913
    },
    {
      "config_ids": [
        3
      ],
      "costs": [
        55880.08267664909
      ],
      "trial": 3,
      "walltime": 5401.067174434662
    },
    {
      "config_ids": [
        30
      ],
      "costs": [
        53339.33507680893
      ],
      "trial": 30,
      "walltime": 54016.00620865822
    }
  ],
  "state": {
    "queue": [
      [
        50,
        1
      ]
    ]
  }
}