{
  "incumbent_ids": [
    9
  ],
  "rejected_config_ids": [
    2,
    3,
    4,
    5,
    6,
    7,
    8,
    1,
    10
  ],
  "incumbents_changed": 2,
  "trajectory": [
    {
      "config_ids": [
        1
      ],
      "costs": [
        53704.30884337425
      ],
      "trial": 1,
      "walltime": 28705.298983573914
    },
    {
      "config_ids": [
        9
      ],
      "costs": [
        53488.376125097275
      ],
      "trial": 9,
      "walltime": 266706.17070651054
    }
  ],
  "state": {
    "queue": [
      [
        10,
        1
      ]
    ]
  }
}