{
  "stats": {
    "submitted": 10,
    "finished": 10,
    "running": 0
  },
  "data": [
    [
      1,
      null,
      209652396,
      null,
      53704.30884337425,
      28705.283541440964,
      1,
      1732834881.7289975,
      1732863587.022865,
      {}
    ],
    [
      2,
      null,
      209652396,
      null,
      60114.153806209564,
      30115.066109895706,
      1,
      1732863587.0381293,
      1732893702.114177,
      {}
    ],
    [
      3,
      null,
      209652396,
      null,
      60195.65447282791,
      30196.605885505676,
      1,
      1732893704.4108024,
      1732923901.026509,
      {}
    ],
    [
      4,
      null,
      209652396,
      null,
      60046.63889360428,
      30047.794596672058,
      1,
      1732923901.0545387,
      1732953948.8590863,
      {}
    ],
    [
      5,
      null,
      209652396,
      null,
      53954.98021149635,
      28956.087597370148,
      1,
      1732953948.8899503,
      1732982904.9882224,
      {}
    ],
    [
      6,
      null,
      209652396,
      null,
      60120.28946566582,
      30121.630594968796,
      1,
      1732982905.0062692,
      1733013026.6468306,
      {}
    ],
    [
      7,
      null,
      209652396,
      null,
      55017.80269742012,
      30018.7324757576,
      1,
      1733013026.6777787,
      1733043045.420139,
      {}
    ],
    [
      8,
      null,
      209652396,
      null,
      60051.97697162628,
      30052.961153507233,
      1,
      1733043045.440615,
      1733073098.411807,
      {}
    ],
    [
      9,
      null,
      209652396,
      null,
      53488.376125097275,
      28489.450617313385,
      1,
      1733073098.4331594,
      1733101587.8937006,
      {}
    ],
    [
      10,
      null,
      209652396,
      null,
      54543.51480841637,
      29544.405584335327,
      1,
      1733101587.9297628,
      1733131132.3452432,
      {}
    ]
  ],
  "configs": {
    "1": {
      "backbone": 1,
      "congruenceands": "false",
      "congruencexors": "true",
      "phase": "true",
      "probeint": 862,
      "restartint": 4956,
      "sweepclauses": 2061531719,
      "target": 2,
      "vivifyirr": 77,
      "congruencexorarity": 10
    },
    "2": {
      "backbone": 2,
      "congruenceands": "true",
      "congruencexors": "false",
      "phase": "false",
      "probeint": 276,
      "restartint": 5973,
      "sweepclauses": 537228092,
      "target": 1,
      "vivifyirr": 9,
      "congruenceandarity": 876
    },
    "3": {
      "backbone": 2,
      "congruenceands": "true",
      "congruencexors": "true",
      "phase": "true",
      "probeint": 903,
      "restartint": 2831,
      "sweepclauses": 51750413,
      "target": 0,
      "vivifyirr": 51,
      "congruenceandarity": 9463,
      "congruencexorarity": 9
    },
    "4": {
      "backbone": 2,
      "congruenceands": "false",
      "congruencexors": "true",
      "phase": "true",
      "probeint": 813,
      "restartint": 4001,
      "sweepclauses": 1861851691,
      "target": 1,
      "vivifyirr": 43,
      "congruencexorarity": 17
    },
    "5": {
      "backbone": 0,
      "congruenceands": "true",
      "congruencexors": "true",
      "phase": "true",
      "probeint": 890,
      "restartint": 1531,
      "sweepclauses": 455945903,
      "target": 2,
      "vivifyirr": 63,
      "congruenceandarity": 83230,
      "congruencexorarity": 8
    },
    "6": {
      "backbone": 2,
      "congruenceands": "false",
      "congruencexors": "true",
      "phase": "false",
      "probeint": 844,
      "restartint": 4756,
      "sweepclauses": 48831986,
      "target": 1,
      "vivifyirr": 32,
      "congruencexorarity": 9
    },
    "7": {
      "backbone": 2,
      "congruenceands": "false",
      "congruencexors": "true",
      "phase": "true",
      "probeint": 841,
      "restartint": 609,
      "sweepclauses": 866452063,
      "target": 1,
      "vivifyirr": 26,
      "congruencexorarity": 9
    },
    "8": {
      "backbone": 2,
      "congruenceands": "true",
      "congruencexors": "true",
      "phase": "false",
      "probeint": 827,
      "restartint": 732,
      "sweepclauses": 1148070346,
      "target": 2,
      "vivifyirr": 23,
      "congruenceandarity": 55895,
      "congruencexorarity": 11
    },
    "9": {
      "backbone": 2,
      "congruenceands": "false",
      "congruencexors": "true",
      "phase": "false",
      "probeint": 966,
      "restartint": 226,
      "sweepclauses": 1647130177,
      "target": 2,
      "vivifyirr": 4,
      "congruencexorarity": 15
    },
    "10": {
      "backbone": 2,
      "congruenceands": "false",
      "congruencexors": "true",
      "phase": "false",
      "probeint": 980,
      "restartint": 1904,
      "sweepclauses": 297737064,
      "target": 0,
      "vivifyirr": 53,
      "congruencexorarity": 20
    }
  },
  "config_origins": {
    "1": "Initial Design: Sobol",
    "2": "Initial Design: Sobol",
    "3": "Acquisition Function Maximizer: Local Search",
    "4": "Acquisition Function Maximizer: Local Search",
    "5": "Acquisition Function Maximizer: Local Search",
    "6": "Acquisition Function Maximizer: Local Search",
    "7": "Acquisition Function Maximizer: Local Search",
    "8": "Acquisition Function Maximizer: Local Search",
    "9": "Acquisition Function Maximizer: Local Search",
    "10": "Acquisition Function Maximizer: Local Search"
  }
}