{
  "incumbent_ids": [
    4
  ],
  "rejected_config_ids": [
    1,
    3,
    2,
    5,
    6,
    7,
    8,
    9,
    10
  ],
  "incumbents_changed": 3,
  "trajectory": [
    {
      "config_ids": [
        1
      ],
      "costs": [
        67559.84057307243
      ],
      "trial": 1,
      "walltime": 42561.183084487915
    },
    {
      "config_ids": [
        2
      ],
      "costs": [
        59929.21138596535
      ],
      "trial": 2,
      "walltime": 82491.34709215164
    },
    {
      "config_ids": [
        4
      ],
      "costs": [
        56574.06019973755
      ],
      "trial": 4,
      "walltime": 164101.068100214
    }
  ],
  "state": {
    "queue": [
      [
        10,
        1
      ]
    ]
  }
}