{
  "stats": {
    "submitted": 10,
    "finished": 10,
    "running": 0
  },
  "data": [
    [
      1,
      null,
      209652396,
      null,
      67559.84057307243,
      42561.166345357895,
      1,
      1732140055.5989304,
      1732182616.7772777,
      {}
    ],
    [
      2,
      null,
      209652396,
      null,
      59929.21138596535,
      39930.14120435715,
      1,
      1732182616.7887092,
      1732222546.9398465,
      {}
    ],
    [
      3,
      null,
      209652396,
      null,
      65032.0052011013,
      40032.785395145416,
      1,
      1732222549.0468068,
      1732262581.8420074,
      {}
    ],
    [
      4,
      null,
      209652396,
      null,
      56574.06019973755,
      41574.79493665695,
      1,
      1732262581.8556902,
      1732304156.661,
      {}
    ],
    [
      5,
      null,
      209652396,
      null,
      77616.1027712822,
      47616.87679481506,
      1,
      1732304156.6798089,
      1732351773.5664768,
      {}
    ],
    [
      6,
      null,
      209652396,
      null,
      75080.41359853745,
      45081.2187769413,
      1,
      1732351773.5852396,
      1732396854.8139281,
      {}
    ],
    [
      7,
      null,
      209652396,
      null,
      63801.681619644165,
      43802.57696080208,
      1,
      1732396854.8295076,
      1732440657.4163644,
      {}
    ],
    [
      8,
      null,
      209652396,
      null,
      60030.18884277344,
      40030.98129796982,
      1,
      1732440657.4340215,
      1732480688.4257565,
      {}
    ],
    [
      9,
      null,
      209652396,
      null,
      59338.28776240349,
      44339.14131593704,
      1,
      1732480688.4459195,
      1732525027.5971818,
      {}
    ],
    [
      10,
      null,
      209652396,
      null,
      63241.97732925415,
      43242.79919934273,
      1,
      1732525027.6304617,
      1732568270.4402034,
      {}
    ]
  ],
  "configs": {
    "1": {
      "backbone": 1,
      "congruenceands": "false",
      "congruencexors": "true",
      "phase": "true",
      "probeint": 862,
      "restartint": 4956,
      "sweepclauses": 2061531719,
      "target": 2,
      "vivifyirr": 77,
      "congruencexorarity": 10
    },
    "2": {
      "backbone": 2,
      "congruenceands": "true",
      "congruencexors": "false",
      "phase": "false",
      "probeint": 276,
      "restartint": 5973,
      "sweepclauses": 537228092,
      "target": 1,
      "vivifyirr": 9,
      "congruenceandarity": 876
    },
    "3": {
      "backbone": 0,
      "congruenceands": "false",
      "congruencexors": "false",
      "phase": "false",
      "probeint": 36,
      "restartint": 5607,
      "sweepclauses": 1810819215,
      "target": 2,
      "vivifyirr": 71
    },
    "4": {
      "backbone": 1,
      "congruenceands": "false",
      "congruencexors": "false",
      "phase": "true",
      "probeint": 79,
      "restartint": 6000,
      "sweepclauses": 340041433,
      "target": 1,
      "vivifyirr": 29
    },
    "5": {
      "backbone": 2,
      "congruenceands": "true",
      "congruencexors": "false",
      "phase": "true",
      "probeint": 608,
      "restartint": 7034,
      "sweepclauses": 954679991,
      "target": 1,
      "vivifyirr": 4,
      "congruenceandarity": 1000000
    },
    "6": {
      "backbone": 0,
      "congruenceands": "false",
      "congruencexors": "false",
      "phase": "false",
      "probeint": 101,
      "restartint": 6484,
      "sweepclauses": 548342518,
      "target": 1,
      "vivifyirr": 76
    },
    "7": {
      "backbone": 1,
      "congruenceands": "false",
      "congruencexors": "false",
      "phase": "true",
      "probeint": 205,
      "restartint": 8535,
      "sweepclauses": 1099993009,
      "target": 0,
      "vivifyirr": 52
    },
    "8": {
      "backbone": 1,
      "congruenceands": "true",
      "congruencexors": "false",
      "phase": "false",
      "probeint": 440,
      "restartint": 7112,
      "sweepclauses": 1057393875,
      "target": 2,
      "vivifyirr": 88,
      "congruenceandarity": 1000000
    },
    "9": {
      "backbone": 1,
      "congruenceands": "true",
      "congruencexors": "false",
      "phase": "false",
      "probeint": 672,
      "restartint": 5822,
      "sweepclauses": 1086175958,
      "target": 1,
      "vivifyirr": 63,
      "congruenceandarity": 172231
    },
    "10": {
      "backbone": 1,
      "congruenceands": "true",
      "congruencexors": "false",
      "phase": "true",
      "probeint": 615,
      "restartint": 5473,
      "sweepclauses": 799556293,
      "target": 0,
      "vivifyirr": 3,
      "congruenceandarity": 1000000
    }
  },
  "config_origins": {
    "1": "Initial Design: Sobol",
    "2": "Initial Design: Sobol",
    "3": "Acquisition Function Maximizer: Local Search",
    "4": "Acquisition Function Maximizer: Local Search",
    "5": "Acquisition Function Maximizer: Local Search",
    "6": "Acquisition Function Maximizer: Local Search",
    "7": "Acquisition Function Maximizer: Local Search",
    "8": "Acquisition Function Maximizer: Local Search",
    "9": "Acquisition Function Maximizer: Local Search",
    "10": "Acquisition Function Maximizer: Local Search"
  }
}