{
  "stats": {
    "submitted": 10,
    "finished": 10,
    "running": 0
  },
  "data": [
    [
      1,
      null,
      209652396,
      null,
      200000.0,
      100001.25670289993,
      1,
      1732140055.6033266,
      1732240056.8724725,
      {}
    ],
    [
      2,
      null,
      209652396,
      null,
      200000.0,
      100000.9369969368,
      1,
      1732240056.898849,
      1732340057.8459187,
      {}
    ],
    [
      3,
      null,
      209652396,
      null,
      200000.0,
      100001.03647613525,
      1,
      1732340060.1416247,
      1732440061.1879377,
      {}
    ],
    [
      4,
      null,
      209652396,
      null,
      200000.0,
      100000.94512438774,
      1,
      1732440061.2166126,
      1732540062.1723144,
      {}
    ],
    [
      5,
      null,
      209652396,
      null,
      200000.0,
      100000.88490080833,
      1,
      1732540062.18952,
      1732640063.084326,
      {}
    ],
    [
      6,
      null,
      209652396,
      null,
      200000.0,
      100001.03750133514,
      1,
      1732640063.1027105,
      1732740064.1500955,
      {}
    ],
    [
      7,
      null,
      209652396,
      null,
      200000.0,
      100000.98092913628,
      1,
      1732740064.180307,
      1732840065.1718633,
      {}
    ],
    [
      8,
      null,
      209652396,
      null,
      200000.0,
      100001.02983093262,
      1,
      1732840065.1894827,
      1732940066.2292237,
      {}
    ],
    [
      9,
      null,
      209652396,
      null,
      200000.0,
      100001.06228423119,
      1,
      1732940066.2475185,
      1733040067.3201852,
      {}
    ],
    [
      10,
      null,
      209652396,
      null,
      200000.0,
      100001.07792830467,
      1,
      1733040067.3516266,
      1733140068.4394863,
      {}
    ]
  ],
  "configs": {
    "1": {
      "backbone": 1,
      "congruenceands": "false",
      "congruencexors": "true",
      "phase": "true",
      "probeint": 862,
      "restartint": 4956,
      "sweepclauses": 2061531719,
      "target": 2,
      "vivifyirr": 77,
      "congruencexorarity": 10
    },
    "2": {
      "backbone": 2,
      "congruenceands": "true",
      "congruencexors": "false",
      "phase": "false",
      "probeint": 276,
      "restartint": 5973,
      "sweepclauses": 537228092,
      "target": 1,
      "vivifyirr": 9,
      "congruenceandarity": 876
    },
    "3": {
      "backbone": 0,
      "congruenceands": "false",
      "congruencexors": "false",
      "phase": "true",
      "probeint": 782,
      "restartint": 470,
      "sweepclauses": 467976516,
      "target": 1,
      "vivifyirr": 16
    },
    "4": {
      "backbone": 2,
      "congruenceands": "false",
      "congruencexors": "true",
      "phase": "false",
      "probeint": 828,
      "restartint": 8045,
      "sweepclauses": 883589251,
      "target": 1,
      "vivifyirr": 20,
      "congruencexorarity": 11
    },
    "5": {
      "backbone": 0,
      "congruenceands": "false",
      "congruencexors": "true",
      "phase": "false",
      "probeint": 205,
      "restartint": 8176,
      "sweepclauses": 1007180081,
      "target": 1,
      "vivifyirr": 52,
      "congruencexorarity": 11
    },
    "6": {
      "backbone": 2,
      "congruenceands": "false",
      "congruencexors": "true",
      "phase": "false",
      "probeint": 42,
      "restartint": 5664,
      "sweepclauses": 254171046,
      "target": 0,
      "vivifyirr": 76,
      "congruencexorarity": 12
    },
    "7": {
      "backbone": 2,
      "congruenceands": "false",
      "congruencexors": "true",
      "phase": "true",
      "probeint": 8,
      "restartint": 5973,
      "sweepclauses": 434181689,
      "target": 1,
      "vivifyirr": 9,
      "congruencexorarity": 9
    },
    "8": {
      "backbone": 2,
      "congruenceands": "true",
      "congruencexors": "true",
      "phase": "true",
      "probeint": 314,
      "restartint": 2851,
      "sweepclauses": 665427919,
      "target": 0,
      "vivifyirr": 4,
      "congruenceandarity": 62674,
      "congruencexorarity": 4
    },
    "9": {
      "backbone": 2,
      "congruenceands": "false",
      "congruencexors": "true",
      "phase": "true",
      "probeint": 304,
      "restartint": 4799,
      "sweepclauses": 586550419,
      "target": 1,
      "vivifyirr": 90,
      "congruencexorarity": 4
    },
    "10": {
      "backbone": 1,
      "congruenceands": "false",
      "congruencexors": "false",
      "phase": "false",
      "probeint": 117,
      "restartint": 1486,
      "sweepclauses": 1653845894,
      "target": 2,
      "vivifyirr": 19
    }
  },
  "config_origins": {
    "1": "Initial Design: Sobol",
    "2": "Initial Design: Sobol",
    "3": "Acquisition Function Maximizer: Local Search",
    "4": "Acquisition Function Maximizer: Local Search",
    "5": "Acquisition Function Maximizer: Local Search",
    "6": "Acquisition Function Maximizer: Local Search",
    "7": "Acquisition Function Maximizer: Local Search",
    "8": "Acquisition Function Maximizer: Local Search",
    "9": "Acquisition Function Maximizer: Local Search",
    "10": "Acquisition Function Maximizer: Local Search"
  }
}