{
  "incumbent_ids": [
    9
  ],
  "rejected_config_ids": [
    2,
    1,
    4,
    3,
    6,
    7,
    8,
    5,
    10,
    11,
    12,
    13,
    14,
    15,
    16,
    17,
    18,
    19,
    20,
    21,
    22,
    23,
    24,
    25,
    26,
    27,
    28,
    29,
    30,
    31,
    32,
    33,
    34,
    35,
    36,
    37,
    38,
    39,
    40,
    41,
    42,
    43,
    44,
    45,
    46,
    47,
    48,
    49,
    50
  ],
  "incumbents_changed": 4,
  "trajectory": [
    {
      "config_ids": [
        1
      ],
      "costs": [
        37046.39635467529
      ],
      "trial": 1,
      "walltime": 1800.2038962841034
    },
    {
      "config_ids": [
        3
      ],
      "costs": [
        29688.35032725334
      ],
      "trial": 3,
      "walltime": 5400.688245534897
    },
    {
      "config_ids": [
        5
      ],
      "costs": [
        22410.02607536316
      ],
      "trial": 5,
      "walltime": 9001.156497716904
    },
    {
      "config_ids": [
        9
      ],
      "costs": [
        15187.18005657196
      ],
      "trial": 9,
      "walltime": 16202.105865716934
    }
  ],
  "state": {
    "queue": [
      [
        50,
        1
      ]
    ]
  }
}