{
  "incumbent_ids": [
    8
  ],
  "rejected_config_ids": [
    1,
    3,
    2,
    5,
    6,
    7,
    4,
    9,
    10
  ],
  "incumbents_changed": 4,
  "trajectory": [
    {
      "config_ids": [
        1
      ],
      "costs": [
        58147.455030441284
      ],
      "trial": 1,
      "walltime": 33148.724079847336
    },
    {
      "config_ids": [
        2
      ],
      "costs": [
        54406.64045572281
      ],
      "trial": 2,
      "walltime": 62561.431763887405
    },
    {
      "config_ids": [
        4
      ],
      "costs": [
        52804.33252072334
      ],
      "trial": 4,
      "walltime": 125034.02517747879
    },
    {
      "config_ids": [
        8
      ],
      "costs": [
        51086.95688414574
      ],
      "trial": 8,
      "walltime": 260346.0149886608
    }
  ],
  "state": {
    "queue": [
      [
        10,
        1
      ]
    ]
  }
}