{
  "stats": {
    "submitted": 10,
    "finished": 10,
    "running": 0
  },
  "data": [
    [
      1,
      null,
      209652396,
      null,
      58147.455030441284,
      33148.70906448364,
      1,
      1732622496.598069,
      1732655645.317501,
      {}
    ],
    [
      2,
      null,
      209652396,
      null,
      54406.64045572281,
      29412.66970038414,
      1,
      1732655645.3438544,
      1732685058.023811,
      {}
    ],
    [
      3,
      null,
      209652396,
      null,
      64652.90275025368,
      34659.1489470005,
      1,
      1732685060.1164346,
      1732719719.2751899,
      {}
    ],
    [
      4,
      null,
      209652396,
      null,
      52804.33252072334,
      27811.316497325897,
      1,
      1732719719.2909691,
      1732747530.6173775,
      {}
    ],
    [
      5,
      null,
      209652396,
      null,
      60130.75226330757,
      35134.98661851883,
      1,
      1732747530.633624,
      1732782665.6301725,
      {}
    ],
    [
      6,
      null,
      209652396,
      null,
      53995.40910100937,
      29003.023414373398,
      1,
      1732782665.6481898,
      1732811668.6815245,
      {}
    ],
    [
      7,
      null,
      209652396,
      null,
      75081.09957313538,
      40083.45107316971,
      1,
      1732811668.7140625,
      1732851752.1761844,
      {}
    ],
    [
      8,
      null,
      209652396,
      null,
      51086.95688414574,
      31090.400636434555,
      1,
      1732851752.1964898,
      1732882842.6070385,
      {}
    ],
    [
      9,
      null,
      209652396,
      null,
      55294.63502860069,
      30295.782371520996,
      1,
      1732882842.6268754,
      1732913138.4191484,
      {}
    ],
    [
      10,
      null,
      209652396,
      null,
      68334.79983997345,
      38335.905047893524,
      1,
      1732913138.4383075,
      1732951474.353841,
      {}
    ]
  ],
  "configs": {
    "1": {
      "backbone": 1,
      "congruenceands": "false",
      "congruencexors": "true",
      "phase": "true",
      "probeint": 862,
      "restartint": 4956,
      "sweepclauses": 2061531719,
      "target": 2,
      "vivifyirr": 77,
      "congruencexorarity": 10
    },
    "2": {
      "backbone": 2,
      "congruenceands": "true",
      "congruencexors": "false",
      "phase": "false",
      "probeint": 276,
      "restartint": 5973,
      "sweepclauses": 537228092,
      "target": 1,
      "vivifyirr": 9,
      "congruenceandarity": 876
    },
    "3": {
      "backbone": 0,
      "congruenceands": "false",
      "congruencexors": "false",
      "phase": "false",
      "probeint": 36,
      "restartint": 5607,
      "sweepclauses": 1810819215,
      "target": 2,
      "vivifyirr": 71
    },
    "4": {
      "backbone": 1,
      "congruenceands": "false",
      "congruencexors": "false",
      "phase": "true",
      "probeint": 79,
      "restartint": 6000,
      "sweepclauses": 340041433,
      "target": 1,
      "vivifyirr": 29
    },
    "5": {
      "backbone": 2,
      "congruenceands": "true",
      "congruencexors": "false",
      "phase": "true",
      "probeint": 608,
      "restartint": 7034,
      "sweepclauses": 954679991,
      "target": 1,
      "vivifyirr": 4,
      "congruenceandarity": 1000000
    },
    "6": {
      "backbone": 0,
      "congruenceands": "false",
      "congruencexors": "false",
      "phase": "false",
      "probeint": 101,
      "restartint": 6484,
      "sweepclauses": 548342518,
      "target": 1,
      "vivifyirr": 76
    },
    "7": {
      "backbone": 1,
      "congruenceands": "false",
      "congruencexors": "false",
      "phase": "true",
      "probeint": 205,
      "restartint": 8535,
      "sweepclauses": 1099993009,
      "target": 0,
      "vivifyirr": 52
    },
    "8": {
      "backbone": 1,
      "congruenceands": "true",
      "congruencexors": "false",
      "phase": "false",
      "probeint": 440,
      "restartint": 7112,
      "sweepclauses": 1057393875,
      "target": 2,
      "vivifyirr": 88,
      "congruenceandarity": 1000000
    },
    "9": {
      "backbone": 1,
      "congruenceands": "true",
      "congruencexors": "false",
      "phase": "false",
      "probeint": 672,
      "restartint": 5822,
      "sweepclauses": 1086175958,
      "target": 1,
      "vivifyirr": 63,
      "congruenceandarity": 172231
    },
    "10": {
      "backbone": 1,
      "congruenceands": "true",
      "congruencexors": "false",
      "phase": "true",
      "probeint": 615,
      "restartint": 5473,
      "sweepclauses": 799556293,
      "target": 0,
      "vivifyirr": 3,
      "congruenceandarity": 1000000
    }
  },
  "config_origins": {
    "1": "Initial Design: Sobol",
    "2": "Initial Design: Sobol",
    "3": "Acquisition Function Maximizer: Local Search",
    "4": "Acquisition Function Maximizer: Local Search",
    "5": "Acquisition Function Maximizer: Local Search",
    "6": "Acquisition Function Maximizer: Local Search",
    "7": "Acquisition Function Maximizer: Local Search",
    "8": "Acquisition Function Maximizer: Local Search",
    "9": "Acquisition Function Maximizer: Local Search",
    "10": "Acquisition Function Maximizer: Local Search"
  }
}