{
  "incumbent_ids": [
    7
  ],
  "rejected_config_ids": [
    2,
    3,
    4,
    5,
    1,
    6,
    8,
    9,
    10
  ],
  "incumbents_changed": 3,
  "trajectory": [
    {
      "config_ids": [
        1
      ],
      "costs": [
        85991.68314385414
      ],
      "trial": 1,
      "walltime": 45992.998749256134
    },
    {
      "config_ids": [
        6
      ],
      "costs": [
        85709.86877298355
      ],
      "trial": 6,
      "walltime": 293081.67811727524
    },
    {
      "config_ids": [
        7
      ],
      "costs": [
        78579.55421161652
      ],
      "trial": 7,
      "walltime": 336662.0419020653
    }
  ],
  "state": {
    "queue": [
      [
        10,
        1
      ]
    ]
  }
}