{
  "stats": {
    "submitted": 10,
    "finished": 10,
    "running": 0
  },
  "data": [
    [
      1,
      null,
      209652396,
      null,
      85991.68314385414,
      45992.9835460186,
      1,
      1732140055.5965383,
      1732186048.5905433,
      {}
    ],
    [
      2,
      null,
      209652396,
      null,
      90511.99804210663,
      50512.76716852188,
      1,
      1732186048.6031902,
      1732236561.3803058,
      {}
    ],
    [
      3,
      null,
      209652396,
      null,
      96469.84861516953,
      51470.65366435051,
      1,
      1732236563.6974163,
      1732288034.3609056,
      {}
    ],
    [
      4,
      null,
      209652396,
      null,
      89397.45845985413,
      49398.24408698082,
      1,
      1732288034.3754528,
      1732337432.6294584,
      {}
    ],
    [
      5,
      null,
      209652396,
      null,
      94993.13121271133,
      49993.91805458069,
      1,
      1732337432.6445305,
      1732387426.572538,
      {}
    ],
    [
      6,
      null,
      209652396,
      null,
      85709.86877298355,
      45710.656011343,
      1,
      1732387426.602028,
      1732433137.268543,
      {}
    ],
    [
      7,
      null,
      209652396,
      null,
      78579.55421161652,
      43580.32140350342,
      1,
      1732433137.3009331,
      1732476717.6323483,
      {}
    ],
    [
      8,
      null,
      209652396,
      null,
      89139.26603960991,
      49140.17749261856,
      1,
      1732476717.651848,
      1732525857.8392744,
      {}
    ],
    [
      9,
      null,
      209652396,
      null,
      94745.79979515076,
      49746.71834516525,
      1,
      1732525857.872111,
      1732575604.6009333,
      {}
    ],
    [
      10,
      null,
      209652396,
      null,
      86884.6117386818,
      46885.44578456879,
      1,
      1732575604.6345994,
      1732622490.090569,
      {}
    ]
  ],
  "configs": {
    "1": {
      "backbone": 1,
      "congruenceands": "false",
      "congruencexors": "true",
      "phase": "true",
      "probeint": 862,
      "restartint": 4956,
      "sweepclauses": 2061531719,
      "target": 2,
      "vivifyirr": 77,
      "congruencexorarity": 10
    },
    "2": {
      "backbone": 2,
      "congruenceands": "true",
      "congruencexors": "false",
      "phase": "false",
      "probeint": 276,
      "restartint": 5973,
      "sweepclauses": 537228092,
      "target": 1,
      "vivifyirr": 9,
      "congruenceandarity": 876
    },
    "3": {
      "backbone": 2,
      "congruenceands": "true",
      "congruencexors": "true",
      "phase": "true",
      "probeint": 903,
      "restartint": 2831,
      "sweepclauses": 51750413,
      "target": 0,
      "vivifyirr": 51,
      "congruenceandarity": 9463,
      "congruencexorarity": 9
    },
    "4": {
      "backbone": 2,
      "congruenceands": "false",
      "congruencexors": "true",
      "phase": "true",
      "probeint": 813,
      "restartint": 4001,
      "sweepclauses": 1861851691,
      "target": 1,
      "vivifyirr": 43,
      "congruencexorarity": 17
    },
    "5": {
      "backbone": 0,
      "congruenceands": "true",
      "congruencexors": "true",
      "phase": "true",
      "probeint": 890,
      "restartint": 1531,
      "sweepclauses": 455945903,
      "target": 2,
      "vivifyirr": 63,
      "congruenceandarity": 83230,
      "congruencexorarity": 8
    },
    "6": {
      "backbone": 2,
      "congruenceands": "false",
      "congruencexors": "true",
      "phase": "false",
      "probeint": 844,
      "restartint": 4756,
      "sweepclauses": 48831986,
      "target": 1,
      "vivifyirr": 32,
      "congruencexorarity": 9
    },
    "7": {
      "backbone": 2,
      "congruenceands": "false",
      "congruencexors": "true",
      "phase": "true",
      "probeint": 841,
      "restartint": 609,
      "sweepclauses": 866452063,
      "target": 1,
      "vivifyirr": 26,
      "congruencexorarity": 9
    },
    "8": {
      "backbone": 2,
      "congruenceands": "true",
      "congruencexors": "true",
      "phase": "false",
      "probeint": 827,
      "restartint": 732,
      "sweepclauses": 1148070346,
      "target": 2,
      "vivifyirr": 23,
      "congruenceandarity": 55895,
      "congruencexorarity": 11
    },
    "9": {
      "backbone": 2,
      "congruenceands": "false",
      "congruencexors": "true",
      "phase": "false",
      "probeint": 966,
      "restartint": 226,
      "sweepclauses": 1647130177,
      "target": 2,
      "vivifyirr": 4,
      "congruencexorarity": 15
    },
    "10": {
      "backbone": 2,
      "congruenceands": "false",
      "congruencexors": "true",
      "phase": "false",
      "probeint": 980,
      "restartint": 1904,
      "sweepclauses": 297737064,
      "target": 0,
      "vivifyirr": 53,
      "congruencexorarity": 20
    }
  },
  "config_origins": {
    "1": "Initial Design: Sobol",
    "2": "Initial Design: Sobol",
    "3": "Acquisition Function Maximizer: Local Search",
    "4": "Acquisition Function Maximizer: Local Search",
    "5": "Acquisition Function Maximizer: Local Search",
    "6": "Acquisition Function Maximizer: Local Search",
    "7": "Acquisition Function Maximizer: Local Search",
    "8": "Acquisition Function Maximizer: Local Search",
    "9": "Acquisition Function Maximizer: Local Search",
    "10": "Acquisition Function Maximizer: Local Search"
  }
}