{
  "incumbent_ids": [
    28
  ],
  "rejected_config_ids": [
    2,
    3,
    4,
    5,
    6,
    7,
    8,
    9,
    10,
    11,
    12,
    13,
    14,
    1,
    16,
    15,
    18,
    19,
    20,
    21,
    22,
    23,
    24,
    25,
    26,
    27,
    17,
    29,
    30,
    31,
    32,
    33,
    34,
    35,
    36,
    37,
    38,
    39,
    40,
    41,
    42,
    43,
    44,
    45,
    46,
    47,
    48,
    49,
    50
  ],
  "incumbents_changed": 4,
  "trajectory": [
    {
      "config_ids": [
        1
      ],
      "costs": [
        25997.05003976822
      ],
      "trial": 1,
      "walltime": 1800.2690205574036
    },
    {
      "config_ids": [
        15
      ],
      "costs": [
        22929.66956591606
      ],
      "trial": 15,
      "walltime": 27005.098925590515
    },
    {
      "config_ids": [
        17
      ],
      "costs": [
        18801.010820150375
      ],
      "trial": 17,
      "walltime": 30605.630545139313
    },
    {
      "config_ids": [
        28
      ],
      "costs": [
        15484.34142279625
      ],
      "trial": 28,
      "walltime": 50409.85397672653
    }
  ],
  "state": {
    "queue": [
      [
        50,
        1
      ]
    ]
  }
}