{
  "incumbent_ids": [
    7
  ],
  "rejected_config_ids": [
    1,
    3,
    4,
    5,
    6,
    2,
    8,
    9,
    10
  ],
  "incumbents_changed": 3,
  "trajectory": [
    {
      "config_ids": [
        1
      ],
      "costs": [
        129681.11559271812
      ],
      "trial": 1,
      "walltime": 69682.4297876358
    },
    {
      "config_ids": [
        2
      ],
      "costs": [
        123776.69251656532
      ],
      "trial": 2,
      "walltime": 138460.17338562012
    },
    {
      "config_ids": [
        7
      ],
      "costs": [
        123259.15837788582
      ],
      "trial": 7,
      "walltime": 488128.70272159576
    }
  ],
  "state": {
    "queue": [
      [
        10,
        1
      ]
    ]
  }
}