{
  "stats": {
    "submitted": 10,
    "finished": 10,
    "running": 0
  },
  "data": [
    [
      1,
      null,
      209652396,
      null,
      129681.11559271812,
      69682.41437458992,
      1,
      1732455670.6058135,
      1732525353.0305705,
      {}
    ],
    [
      2,
      null,
      209652396,
      null,
      123776.69251656532,
      68777.72008299828,
      1,
      1732525353.0430748,
      1732594130.7731097,
      {}
    ],
    [
      3,
      null,
      209652396,
      null,
      130029.53838682175,
      70031.51483178139,
      1,
      1732594132.8693078,
      1732664164.3939424,
      {}
    ],
    [
      4,
      null,
      209652396,
      null,
      123929.04383397102,
      68929.97247958183,
      1,
      1732664164.4102294,
      1732733094.3930655,
      {}
    ],
    [
      5,
      null,
      209652396,
      null,
      130683.50846266747,
      70684.66762423515,
      1,
      1732733094.4103289,
      1732803779.0878415,
      {}
    ],
    [
      6,
      null,
      209652396,
      null,
      136758.76448631287,
      71759.78424263,
      1,
      1732803779.103482,
      1732875538.898101,
      {}
    ],
    [
      7,
      null,
      209652396,
      null,
      123259.15837788582,
      68260.37837553024,
      1,
      1732875538.9142992,
      1732943799.302589,
      {}
    ],
    [
      8,
      null,
      209652396,
      null,
      131120.61433649063,
      71122.19842243195,
      1,
      1732943799.3360832,
      1733014921.5443869,
      {}
    ],
    [
      9,
      null,
      209652396,
      null,
      131339.5773460865,
      71342.14780569077,
      1,
      1733014921.57769,
      1733086263.7359643,
      {}
    ],
    [
      10,
      null,
      209652396,
      null,
      136068.57937073708,
      71069.69649648666,
      1,
      1733086263.7733085,
      1733157333.4797134,
      {}
    ]
  ],
  "configs": {
    "1": {
      "backbone": 1,
      "congruenceands": "false",
      "congruencexors": "true",
      "phase": "true",
      "probeint": 862,
      "restartint": 4956,
      "sweepclauses": 2061531719,
      "target": 2,
      "vivifyirr": 77,
      "congruencexorarity": 10
    },
    "2": {
      "backbone": 2,
      "congruenceands": "true",
      "congruencexors": "false",
      "phase": "false",
      "probeint": 276,
      "restartint": 5973,
      "sweepclauses": 537228092,
      "target": 1,
      "vivifyirr": 9,
      "congruenceandarity": 876
    },
    "3": {
      "backbone": 0,
      "congruenceands": "false",
      "congruencexors": "false",
      "phase": "false",
      "probeint": 36,
      "restartint": 5607,
      "sweepclauses": 1810819215,
      "target": 2,
      "vivifyirr": 71
    },
    "4": {
      "backbone": 1,
      "congruenceands": "false",
      "congruencexors": "false",
      "phase": "true",
      "probeint": 79,
      "restartint": 6000,
      "sweepclauses": 340041433,
      "target": 1,
      "vivifyirr": 29
    },
    "5": {
      "backbone": 2,
      "congruenceands": "true",
      "congruencexors": "false",
      "phase": "true",
      "probeint": 608,
      "restartint": 7034,
      "sweepclauses": 954679991,
      "target": 1,
      "vivifyirr": 4,
      "congruenceandarity": 1000000
    },
    "6": {
      "backbone": 0,
      "congruenceands": "false",
      "congruencexors": "false",
      "phase": "false",
      "probeint": 101,
      "restartint": 6484,
      "sweepclauses": 548342518,
      "target": 1,
      "vivifyirr": 76
    },
    "7": {
      "backbone": 1,
      "congruenceands": "false",
      "congruencexors": "false",
      "phase": "true",
      "probeint": 205,
      "restartint": 8535,
      "sweepclauses": 1099993009,
      "target": 0,
      "vivifyirr": 52
    },
    "8": {
      "backbone": 1,
      "congruenceands": "true",
      "congruencexors": "false",
      "phase": "false",
      "probeint": 440,
      "restartint": 7112,
      "sweepclauses": 1057393875,
      "target": 2,
      "vivifyirr": 88,
      "congruenceandarity": 1000000
    },
    "9": {
      "backbone": 1,
      "congruenceands": "true",
      "congruencexors": "false",
      "phase": "false",
      "probeint": 672,
      "restartint": 5822,
      "sweepclauses": 1086175958,
      "target": 1,
      "vivifyirr": 63,
      "congruenceandarity": 172231
    },
    "10": {
      "backbone": 1,
      "congruenceands": "true",
      "congruencexors": "false",
      "phase": "true",
      "probeint": 615,
      "restartint": 5473,
      "sweepclauses": 799556293,
      "target": 0,
      "vivifyirr": 3,
      "congruenceandarity": 1000000
    }
  },
  "config_origins": {
    "1": "Initial Design: Sobol",
    "2": "Initial Design: Sobol",
    "3": "Acquisition Function Maximizer: Local Search",
    "4": "Acquisition Function Maximizer: Local Search",
    "5": "Acquisition Function Maximizer: Local Search",
    "6": "Acquisition Function Maximizer: Local Search",
    "7": "Acquisition Function Maximizer: Local Search",
    "8": "Acquisition Function Maximizer: Local Search",
    "9": "Acquisition Function Maximizer: Local Search",
    "10": "Acquisition Function Maximizer: Local Search"
  }
}