{
  "stats": {
    "submitted": 10,
    "finished": 10,
    "running": 0
  },
  "data": [
    [
      1,
      null,
      209652396,
      null,
      133713.83839035034,
      68714.70053172112,
      1,
      1732494043.2877033,
      1732562757.9987764,
      {}
    ],
    [
      2,
      null,
      209652396,
      null,
      127242.73621821404,
      67243.53613328934,
      1,
      1732562758.0264428,
      1732630001.572531,
      {}
    ],
    [
      3,
      null,
      209652396,
      null,
      134193.10351467133,
      69194.06856918335,
      1,
      1732630003.6880448,
      1732699197.7664754,
      {}
    ],
    [
      4,
      null,
      209652396,
      null,
      126661.65049672127,
      66662.70043301582,
      1,
      1732699197.7942889,
      1732765860.5051494,
      {}
    ],
    [
      5,
      null,
      209652396,
      null,
      125045.1313700676,
      65046.0192360878,
      1,
      1732765860.5215356,
      1732830906.5511925,
      {}
    ],
    [
      6,
      null,
      209652396,
      null,
      127059.00190019608,
      67059.87715673447,
      1,
      1732830906.5679078,
      1732897966.4549773,
      {}
    ],
    [
      7,
      null,
      209652396,
      null,
      133668.63039135933,
      68669.58667945862,
      1,
      1732897966.474198,
      1732966636.070806,
      {}
    ],
    [
      8,
      null,
      209652396,
      null,
      127728.11760187149,
      67729.01749539375,
      1,
      1732966636.1041853,
      1733034365.1320784,
      {}
    ],
    [
      9,
      null,
      209652396,
      null,
      124856.70764183998,
      64857.67650437355,
      1,
      1733034365.1650858,
      1733099222.851517,
      {}
    ],
    [
      10,
      null,
      209652396,
      null,
      133355.7222547531,
      68356.70932292938,
      1,
      1733099222.8878043,
      1733167579.6069987,
      {}
    ]
  ],
  "configs": {
    "1": {
      "backbone": 1,
      "congruenceands": "false",
      "congruencexors": "true",
      "phase": "true",
      "probeint": 862,
      "restartint": 4956,
      "sweepclauses": 2061531719,
      "target": 2,
      "vivifyirr": 77,
      "congruencexorarity": 10
    },
    "2": {
      "backbone": 2,
      "congruenceands": "true",
      "congruencexors": "false",
      "phase": "false",
      "probeint": 276,
      "restartint": 5973,
      "sweepclauses": 537228092,
      "target": 1,
      "vivifyirr": 9,
      "congruenceandarity": 876
    },
    "3": {
      "backbone": 0,
      "congruenceands": "false",
      "congruencexors": "false",
      "phase": "false",
      "probeint": 36,
      "restartint": 5607,
      "sweepclauses": 1810819215,
      "target": 2,
      "vivifyirr": 71
    },
    "4": {
      "backbone": 1,
      "congruenceands": "false",
      "congruencexors": "false",
      "phase": "true",
      "probeint": 79,
      "restartint": 6000,
      "sweepclauses": 340041433,
      "target": 1,
      "vivifyirr": 29
    },
    "5": {
      "backbone": 2,
      "congruenceands": "true",
      "congruencexors": "false",
      "phase": "true",
      "probeint": 608,
      "restartint": 7034,
      "sweepclauses": 954679991,
      "target": 1,
      "vivifyirr": 4,
      "congruenceandarity": 1000000
    },
    "6": {
      "backbone": 0,
      "congruenceands": "false",
      "congruencexors": "false",
      "phase": "false",
      "probeint": 101,
      "restartint": 6484,
      "sweepclauses": 548342518,
      "target": 1,
      "vivifyirr": 76
    },
    "7": {
      "backbone": 1,
      "congruenceands": "false",
      "congruencexors": "false",
      "phase": "true",
      "probeint": 205,
      "restartint": 8535,
      "sweepclauses": 1099993009,
      "target": 0,
      "vivifyirr": 52
    },
    "8": {
      "backbone": 1,
      "congruenceands": "true",
      "congruencexors": "false",
      "phase": "false",
      "probeint": 440,
      "restartint": 7112,
      "sweepclauses": 1057393875,
      "target": 2,
      "vivifyirr": 88,
      "congruenceandarity": 1000000
    },
    "9": {
      "backbone": 1,
      "congruenceands": "true",
      "congruencexors": "false",
      "phase": "false",
      "probeint": 672,
      "restartint": 5822,
      "sweepclauses": 1086175958,
      "target": 1,
      "vivifyirr": 63,
      "congruenceandarity": 172231
    },
    "10": {
      "backbone": 1,
      "congruenceands": "true",
      "congruencexors": "false",
      "phase": "true",
      "probeint": 615,
      "restartint": 5473,
      "sweepclauses": 799556293,
      "target": 0,
      "vivifyirr": 3,
      "congruenceandarity": 1000000
    }
  },
  "config_origins": {
    "1": "Initial Design: Sobol",
    "2": "Initial Design: Sobol",
    "3": "Acquisition Function Maximizer: Local Search",
    "4": "Acquisition Function Maximizer: Local Search",
    "5": "Acquisition Function Maximizer: Local Search",
    "6": "Acquisition Function Maximizer: Local Search",
    "7": "Acquisition Function Maximizer: Local Search",
    "8": "Acquisition Function Maximizer: Local Search",
    "9": "Acquisition Function Maximizer: Local Search",
    "10": "Acquisition Function Maximizer: Local Search"
  }
}