{
  "incumbent_ids": [
    2
  ],
  "rejected_config_ids": [
    1,
    3,
    4,
    5,
    6,
    7,
    8,
    9,
    10
  ],
  "incumbents_changed": 2,
  "trajectory": [
    {
      "config_ids": [
        1
      ],
      "costs": [
        58563.24980258942
      ],
      "trial": 1,
      "walltime": 33564.606446027756
    },
    {
      "config_ids": [
        2
      ],
      "costs": [
        38311.56335568428
      ],
      "trial": 2,
      "walltime": 56877.26246380806
    }
  ],
  "state": {
    "queue": [
      [
        10,
        1
      ]
    ]
  }
}