{
  "stats": {
    "submitted": 10,
    "finished": 10,
    "running": 0
  },
  "data": [
    [
      1,
      null,
      209652396,
      null,
      58563.24980258942,
      33564.59096431732,
      1,
      1732140055.5939865,
      1732173620.1953108,
      {}
    ],
    [
      2,
      null,
      209652396,
      null,
      38311.56335568428,
      23312.632685422897,
      1,
      1732173620.2078526,
      1732196932.850461,
      {}
    ],
    [
      3,
      null,
      209652396,
      null,
      61182.95054721832,
      36184.20136356354,
      1,
      1732196934.9668636,
      1732233119.1780024,
      {}
    ],
    [
      4,
      null,
      209652396,
      null,
      48581.3361017704,
      28582.539160966873,
      1,
      1732233119.1919463,
      1732261701.7409863,
      {}
    ],
    [
      5,
      null,
      209652396,
      null,
      40743.217265844345,
      25744.291610479355,
      1,
      1732261701.7554696,
      1732287446.056985,
      {}
    ],
    [
      6,
      null,
      209652396,
      null,
      67548.59069085121,
      37549.70728111267,
      1,
      1732287446.0730133,
      1732324995.790182,
      {}
    ],
    [
      7,
      null,
      209652396,
      null,
      54521.03216671944,
      29522.10876941681,
      1,
      1732324995.820599,
      1732354517.9393396,
      {}
    ],
    [
      8,
      null,
      209652396,
      null,
      51868.72537279129,
      31869.800454378128,
      1,
      1732354517.9595587,
      1732386387.7699237,
      {}
    ],
    [
      9,
      null,
      209652396,
      null,
      51251.873722076416,
      31252.985247850418,
      1,
      1732386387.7910786,
      1732417640.7862887,
      {}
    ],
    [
      10,
      null,
      209652396,
      null,
      63021.572922706604,
      38022.773720264435,
      1,
      1732417640.8078616,
      1732455663.5914593,
      {}
    ]
  ],
  "configs": {
    "1": {
      "backbone": 1,
      "congruenceands": "false",
      "congruencexors": "true",
      "phase": "true",
      "probeint": 862,
      "restartint": 4956,
      "sweepclauses": 2061531719,
      "target": 2,
      "vivifyirr": 77,
      "congruencexorarity": 10
    },
    "2": {
      "backbone": 2,
      "congruenceands": "true",
      "congruencexors": "false",
      "phase": "false",
      "probeint": 276,
      "restartint": 5973,
      "sweepclauses": 537228092,
      "target": 1,
      "vivifyirr": 9,
      "congruenceandarity": 876
    },
    "3": {
      "backbone": 0,
      "congruenceands": "false",
      "congruencexors": "false",
      "phase": "false",
      "probeint": 36,
      "restartint": 5607,
      "sweepclauses": 1810819215,
      "target": 2,
      "vivifyirr": 71
    },
    "4": {
      "backbone": 1,
      "congruenceands": "false",
      "congruencexors": "false",
      "phase": "true",
      "probeint": 79,
      "restartint": 6000,
      "sweepclauses": 340041433,
      "target": 1,
      "vivifyirr": 29
    },
    "5": {
      "backbone": 2,
      "congruenceands": "true",
      "congruencexors": "false",
      "phase": "true",
      "probeint": 608,
      "restartint": 7034,
      "sweepclauses": 954679991,
      "target": 1,
      "vivifyirr": 4,
      "congruenceandarity": 1000000
    },
    "6": {
      "backbone": 0,
      "congruenceands": "false",
      "congruencexors": "false",
      "phase": "false",
      "probeint": 101,
      "restartint": 6484,
      "sweepclauses": 548342518,
      "target": 1,
      "vivifyirr": 76
    },
    "7": {
      "backbone": 1,
      "congruenceands": "false",
      "congruencexors": "false",
      "phase": "true",
      "probeint": 205,
      "restartint": 8535,
      "sweepclauses": 1099993009,
      "target": 0,
      "vivifyirr": 52
    },
    "8": {
      "backbone": 1,
      "congruenceands": "true",
      "congruencexors": "false",
      "phase": "false",
      "probeint": 440,
      "restartint": 7112,
      "sweepclauses": 1057393875,
      "target": 2,
      "vivifyirr": 88,
      "congruenceandarity": 1000000
    },
    "9": {
      "backbone": 1,
      "congruenceands": "true",
      "congruencexors": "false",
      "phase": "false",
      "probeint": 672,
      "restartint": 5822,
      "sweepclauses": 1086175958,
      "target": 1,
      "vivifyirr": 63,
      "congruenceandarity": 172231
    },
    "10": {
      "backbone": 1,
      "congruenceands": "true",
      "congruencexors": "false",
      "phase": "true",
      "probeint": 615,
      "restartint": 5473,
      "sweepclauses": 799556293,
      "target": 0,
      "vivifyirr": 3,
      "congruenceandarity": 1000000
    }
  },
  "config_origins": {
    "1": "Initial Design: Sobol",
    "2": "Initial Design: Sobol",
    "3": "Acquisition Function Maximizer: Local Search",
    "4": "Acquisition Function Maximizer: Local Search",
    "5": "Acquisition Function Maximizer: Local Search",
    "6": "Acquisition Function Maximizer: Local Search",
    "7": "Acquisition Function Maximizer: Local Search",
    "8": "Acquisition Function Maximizer: Local Search",
    "9": "Acquisition Function Maximizer: Local Search",
    "10": "Acquisition Function Maximizer: Local Search"
  }
}