{
  "incumbent_ids": [
    4
  ],
  "rejected_config_ids": [
    1,
    3,
    2,
    5,
    6,
    7,
    8,
    9,
    10
  ],
  "incumbents_changed": 3,
  "trajectory": [
    {
      "config_ids": [
        1
      ],
      "costs": [
        97107.89858865738
      ],
      "trial": 1,
      "walltime": 52109.48167872429
    },
    {
      "config_ids": [
        2
      ],
      "costs": [
        96459.33963537216
      ],
      "trial": 2,
      "walltime": 103579.38780808449
    },
    {
      "config_ids": [
        4
      ],
      "costs": [
        80013.6346218586
      ],
      "trial": 4,
      "walltime": 201241.29281139374
    }
  ],
  "state": {
    "queue": [
      [
        10,
        1
      ]
    ]
  }
}