{
  "incumbent_ids": [
    40
  ],
  "rejected_config_ids": [
    2,
    3,
    4,
    5,
    6,
    7,
    8,
    9,
    10,
    11,
    12,
    13,
    14,
    15,
    16,
    17,
    18,
    19,
    20,
    21,
    22,
    23,
    24,
    25,
    26,
    27,
    28,
    29,
    30,
    31,
    32,
    33,
    34,
    35,
    36,
    37,
    38,
    39,
    1,
    41,
    42,
    43,
    44,
    45,
    46,
    47,
    48,
    49,
    50
  ],
  "incumbents_changed": 2,
  "trajectory": [
    {
      "config_ids": [
        1
      ],
      "costs": [
        55451.30411362648
      ],
      "trial": 1,
      "walltime": 1800.2540140151978
    },
    {
      "config_ids": [
        40
      ],
      "costs": [
        52428.04891991615
      ],
      "trial": 40,
      "walltime": 72017.42057275772
    }
  ],
  "state": {
    "queue": [
      [
        50,
        1
      ]
    ]
  }
}