{
  "incumbent_ids": [
    9
  ],
  "rejected_config_ids": [
    2,
    3,
    4,
    5,
    6,
    7,
    1,
    8,
    10
  ],
  "incumbents_changed": 3,
  "trajectory": [
    {
      "config_ids": [
        1
      ],
      "costs": [
        2692.012372493744
      ],
      "trial": 1,
      "walltime": 2692.957316637039
    },
    {
      "config_ids": [
        8
      ],
      "costs": [
        2532.9795978069305
      ],
      "trial": 8,
      "walltime": 24939.329343557358
    },
    {
      "config_ids": [
        9
      ],
      "costs": [
        2507.4201431274414
      ],
      "trial": 9,
      "walltime": 27447.37424516678
    }
  ],
  "state": {
    "queue": [
      [
        10,
        1
      ]
    ]
  }
}