{
  "stats": {
    "submitted": 10,
    "finished": 10,
    "running": 0
  },
  "data": [
    [
      1,
      null,
      209652396,
      null,
      2692.012372493744,
      2692.9416148662567,
      1,
      1732140055.5947917,
      1732142748.546794,
      {}
    ],
    [
      2,
      null,
      209652396,
      null,
      3146.862956047058,
      3147.4707787036896,
      1,
      1732142748.5598345,
      1732145896.0405166,
      {}
    ],
    [
      3,
      null,
      209652396,
      null,
      3242.300070285797,
      3242.9210951328278,
      1,
      1732145898.3641324,
      1732149141.2950346,
      {}
    ],
    [
      4,
      null,
      209652396,
      null,
      3714.2749257087708,
      3714.960759162903,
      1,
      1732149141.311939,
      1732152856.2830386,
      {}
    ],
    [
      5,
      null,
      209652396,
      null,
      3299.5660622119904,
      3300.2694425582886,
      1,
      1732152856.2969732,
      1732156156.5763626,
      {}
    ],
    [
      6,
      null,
      209652396,
      null,
      2896.622384786606,
      2897.2394437789917,
      1,
      1732156156.5915687,
      1732159053.8409128,
      {}
    ],
    [
      7,
      null,
      209652396,
      null,
      3406.737367630005,
      3407.3544583320618,
      1,
      1732159053.8577015,
      1732162461.2225482,
      {}
    ],
    [
      8,
      null,
      209652396,
      null,
      2532.9795978069305,
      2533.656967639923,
      1,
      1732162461.2512178,
      1732164994.9180734,
      {}
    ],
    [
      9,
      null,
      209652396,
      null,
      2507.4201431274414,
      2508.0120766162872,
      1,
      1732164994.9404502,
      1732167502.9628928,
      {}
    ],
    [
      10,
      null,
      209652396,
      null,
      2935.0029578208923,
      2935.6079711914062,
      1,
      1732167502.9983225,
      1732170438.6162329,
      {}
    ]
  ],
  "configs": {
    "1": {
      "backbone": 1,
      "congruenceands": "false",
      "congruencexors": "true",
      "phase": "true",
      "probeint": 862,
      "restartint": 4956,
      "sweepclauses": 2061531719,
      "target": 2,
      "vivifyirr": 77,
      "congruencexorarity": 10
    },
    "2": {
      "backbone": 2,
      "congruenceands": "true",
      "congruencexors": "false",
      "phase": "false",
      "probeint": 276,
      "restartint": 5973,
      "sweepclauses": 537228092,
      "target": 1,
      "vivifyirr": 9,
      "congruenceandarity": 876
    },
    "3": {
      "backbone": 2,
      "congruenceands": "true",
      "congruencexors": "true",
      "phase": "true",
      "probeint": 903,
      "restartint": 2831,
      "sweepclauses": 51750413,
      "target": 0,
      "vivifyirr": 51,
      "congruenceandarity": 9463,
      "congruencexorarity": 9
    },
    "4": {
      "backbone": 2,
      "congruenceands": "false",
      "congruencexors": "true",
      "phase": "true",
      "probeint": 813,
      "restartint": 4001,
      "sweepclauses": 1861851691,
      "target": 1,
      "vivifyirr": 43,
      "congruencexorarity": 17
    },
    "5": {
      "backbone": 0,
      "congruenceands": "true",
      "congruencexors": "true",
      "phase": "true",
      "probeint": 890,
      "restartint": 1531,
      "sweepclauses": 455945903,
      "target": 2,
      "vivifyirr": 63,
      "congruenceandarity": 83230,
      "congruencexorarity": 8
    },
    "6": {
      "backbone": 2,
      "congruenceands": "false",
      "congruencexors": "true",
      "phase": "false",
      "probeint": 844,
      "restartint": 4756,
      "sweepclauses": 48831986,
      "target": 1,
      "vivifyirr": 32,
      "congruencexorarity": 9
    },
    "7": {
      "backbone": 2,
      "congruenceands": "false",
      "congruencexors": "true",
      "phase": "true",
      "probeint": 841,
      "restartint": 609,
      "sweepclauses": 866452063,
      "target": 1,
      "vivifyirr": 26,
      "congruencexorarity": 9
    },
    "8": {
      "backbone": 2,
      "congruenceands": "true",
      "congruencexors": "true",
      "phase": "false",
      "probeint": 827,
      "restartint": 732,
      "sweepclauses": 1148070346,
      "target": 2,
      "vivifyirr": 23,
      "congruenceandarity": 55895,
      "congruencexorarity": 11
    },
    "9": {
      "backbone": 2,
      "congruenceands": "false",
      "congruencexors": "true",
      "phase": "false",
      "probeint": 966,
      "restartint": 226,
      "sweepclauses": 1647130177,
      "target": 2,
      "vivifyirr": 4,
      "congruencexorarity": 15
    },
    "10": {
      "backbone": 2,
      "congruenceands": "false",
      "congruencexors": "true",
      "phase": "false",
      "probeint": 980,
      "restartint": 1904,
      "sweepclauses": 297737064,
      "target": 0,
      "vivifyirr": 53,
      "congruencexorarity": 20
    }
  },
  "config_origins": {
    "1": "Initial Design: Sobol",
    "2": "Initial Design: Sobol",
    "3": "Acquisition Function Maximizer: Local Search",
    "4": "Acquisition Function Maximizer: Local Search",
    "5": "Acquisition Function Maximizer: Local Search",
    "6": "Acquisition Function Maximizer: Local Search",
    "7": "Acquisition Function Maximizer: Local Search",
    "8": "Acquisition Function Maximizer: Local Search",
    "9": "Acquisition Function Maximizer: Local Search",
    "10": "Acquisition Function Maximizer: Local Search"
  }
}