{
  "incumbent_ids": [
    7
  ],
  "rejected_config_ids": [
    1,
    3,
    2,
    5,
    6,
    4,
    8,
    9,
    10
  ],
  "incumbents_changed": 4,
  "trajectory": [
    {
      "config_ids": [
        1
      ],
      "costs": [
        5974.408691167831
      ],
      "trial": 1,
      "walltime": 5975.093480825424
    },
    {
      "config_ids": [
        2
      ],
      "costs": [
        5451.129889965057
      ],
      "trial": 2,
      "walltime": 11426.900690078735
    },
    {
      "config_ids": [
        4
      ],
      "costs": [
        5094.046837568283
      ],
      "trial": 4,
      "walltime": 22453.546340942383
    },
    {
      "config_ids": [
        7
      ],
      "costs": [
        4445.667187452316
      ],
      "trial": 7,
      "walltime": 37544.09255242348
    }
  ],
  "state": {
    "queue": [
      [
        10,
        1
      ]
    ]
  }
}