{
  "stats": {
    "submitted": 10,
    "finished": 10,
    "running": 0
  },
  "data": [
    [
      1,
      null,
      209652396,
      null,
      5974.408691167831,
      5975.0781943798065,
      1,
      1732859033.6451058,
      1732865008.733632,
      {}
    ],
    [
      2,
      null,
      209652396,
      null,
      5451.129889965057,
      5451.783692359924,
      1,
      1732865008.7460756,
      1732870460.539712,
      {}
    ],
    [
      3,
      null,
      209652396,
      null,
      5929.254429578781,
      5929.8555245399475,
      1,
      1732870462.6412163,
      1732876392.506566,
      {}
    ],
    [
      4,
      null,
      209652396,
      null,
      5094.046837568283,
      5094.643124580383,
      1,
      1732876392.532144,
      1732881487.185627,
      {}
    ],
    [
      5,
      null,
      209652396,
      null,
      5297.079656124115,
      5297.732098579407,
      1,
      1732881487.2041743,
      1732886784.9461517,
      {}
    ],
    [
      6,
      null,
      209652396,
      null,
      5345.794471740723,
      5346.403178930283,
      1,
      1732886784.9645665,
      1732892131.3780997,
      {}
    ],
    [
      7,
      null,
      209652396,
      null,
      4445.667187452316,
      4446.32538151741,
      1,
      1732892131.3966038,
      1732896577.7318609,
      {}
    ],
    [
      8,
      null,
      209652396,
      null,
      5630.295243024826,
      5630.960087060928,
      1,
      1732896577.7643702,
      1732902208.7344348,
      {}
    ],
    [
      9,
      null,
      209652396,
      null,
      5278.556735992432,
      5279.17337346077,
      1,
      1732902208.7525017,
      1732907487.9363108,
      {}
    ],
    [
      10,
      null,
      209652396,
      null,
      4724.163646936417,
      4724.815208911896,
      1,
      1732907487.9555748,
      1732912212.7806864,
      {}
    ]
  ],
  "configs": {
    "1": {
      "backbone": 1,
      "congruenceands": "false",
      "congruencexors": "true",
      "phase": "true",
      "probeint": 862,
      "restartint": 4956,
      "sweepclauses": 2061531719,
      "target": 2,
      "vivifyirr": 77,
      "congruencexorarity": 10
    },
    "2": {
      "backbone": 2,
      "congruenceands": "true",
      "congruencexors": "false",
      "phase": "false",
      "probeint": 276,
      "restartint": 5973,
      "sweepclauses": 537228092,
      "target": 1,
      "vivifyirr": 9,
      "congruenceandarity": 876
    },
    "3": {
      "backbone": 0,
      "congruenceands": "false",
      "congruencexors": "false",
      "phase": "false",
      "probeint": 36,
      "restartint": 5607,
      "sweepclauses": 1810819215,
      "target": 2,
      "vivifyirr": 71
    },
    "4": {
      "backbone": 1,
      "congruenceands": "false",
      "congruencexors": "false",
      "phase": "true",
      "probeint": 79,
      "restartint": 6000,
      "sweepclauses": 340041433,
      "target": 1,
      "vivifyirr": 29
    },
    "5": {
      "backbone": 2,
      "congruenceands": "true",
      "congruencexors": "false",
      "phase": "true",
      "probeint": 608,
      "restartint": 7034,
      "sweepclauses": 954679991,
      "target": 1,
      "vivifyirr": 4,
      "congruenceandarity": 1000000
    },
    "6": {
      "backbone": 0,
      "congruenceands": "false",
      "congruencexors": "false",
      "phase": "false",
      "probeint": 101,
      "restartint": 6484,
      "sweepclauses": 548342518,
      "target": 1,
      "vivifyirr": 76
    },
    "7": {
      "backbone": 1,
      "congruenceands": "false",
      "congruencexors": "false",
      "phase": "true",
      "probeint": 205,
      "restartint": 8535,
      "sweepclauses": 1099993009,
      "target": 0,
      "vivifyirr": 52
    },
    "8": {
      "backbone": 1,
      "congruenceands": "true",
      "congruencexors": "false",
      "phase": "false",
      "probeint": 440,
      "restartint": 7112,
      "sweepclauses": 1057393875,
      "target": 2,
      "vivifyirr": 88,
      "congruenceandarity": 1000000
    },
    "9": {
      "backbone": 1,
      "congruenceands": "true",
      "congruencexors": "false",
      "phase": "false",
      "probeint": 672,
      "restartint": 5822,
      "sweepclauses": 1086175958,
      "target": 1,
      "vivifyirr": 63,
      "congruenceandarity": 172231
    },
    "10": {
      "backbone": 1,
      "congruenceands": "true",
      "congruencexors": "false",
      "phase": "true",
      "probeint": 615,
      "restartint": 5473,
      "sweepclauses": 799556293,
      "target": 0,
      "vivifyirr": 3,
      "congruenceandarity": 1000000
    }
  },
  "config_origins": {
    "1": "Initial Design: Sobol",
    "2": "Initial Design: Sobol",
    "3": "Acquisition Function Maximizer: Local Search",
    "4": "Acquisition Function Maximizer: Local Search",
    "5": "Acquisition Function Maximizer: Local Search",
    "6": "Acquisition Function Maximizer: Local Search",
    "7": "Acquisition Function Maximizer: Local Search",
    "8": "Acquisition Function Maximizer: Local Search",
    "9": "Acquisition Function Maximizer: Local Search",
    "10": "Acquisition Function Maximizer: Local Search"
  }
}