{
  "incumbent_ids": [
    2
  ],
  "rejected_config_ids": [
    1,
    3,
    4,
    5,
    6,
    7,
    8,
    9,
    10
  ],
  "incumbents_changed": 2,
  "trajectory": [
    {
      "config_ids": [
        1
      ],
      "costs": [
        114041.6904501915
      ],
      "trial": 1,
      "walltime": 59043.21083045006
    },
    {
      "config_ids": [
        2
      ],
      "costs": [
        111112.5440750122
      ],
      "trial": 2,
      "walltime": 115156.82400035858
    }
  ],
  "state": {
    "queue": [
      [
        10,
        1
      ]
    ]
  }
}