{
  "incumbent_ids": [
    45
  ],
  "rejected_config_ids": [
    2,
    1,
    4,
    5,
    6,
    7,
    8,
    3,
    10,
    11,
    12,
    13,
    14,
    15,
    16,
    17,
    18,
    19,
    20,
    21,
    22,
    23,
    24,
    25,
    26,
    27,
    28,
    29,
    30,
    31,
    32,
    33,
    34,
    35,
    36,
    37,
    38,
    39,
    40,
    41,
    42,
    43,
    44,
    9,
    46,
    47,
    48,
    49,
    50
  ],
  "incumbents_changed": 4,
  "trajectory": [
    {
      "config_ids": [
        1
      ],
      "costs": [
        90517.42882633209
      ],
      "trial": 1,
      "walltime": 1800.2887063026428
    },
    {
      "config_ids": [
        3
      ],
      "costs": [
        77685.39882183075
      ],
      "trial": 3,
      "walltime": 5400.876284837723
    },
    {
      "config_ids": [
        9
      ],
      "costs": [
        64928.39998650551
      ],
      "trial": 9,
      "walltime": 16202.877644777298
    },
    {
      "config_ids": [
        45
      ],
      "costs": [
        62878.12174797058
      ],
      "trial": 45,
      "walltime": 81028.89091300964
    }
  ],
  "state": {
    "queue": [
      [
        50,
        1
      ]
    ]
  }
}