{
  "incumbent_ids": [
    33
  ],
  "rejected_config_ids": [
    2,
    1,
    4,
    5,
    6,
    7,
    8,
    9,
    10,
    11,
    12,
    13,
    14,
    15,
    16,
    17,
    18,
    19,
    20,
    21,
    22,
    23,
    24,
    25,
    26,
    27,
    28,
    29,
    3,
    31,
    32,
    30,
    34,
    35,
    36,
    37,
    38,
    39,
    40,
    41,
    42,
    43,
    44,
    45,
    46,
    47,
    48,
    49,
    50
  ],
  "incumbents_changed": 4,
  "trajectory": [
    {
      "config_ids": [
        1
      ],
      "costs": [
        21534.968296051025
      ],
      "trial": 1,
      "walltime": 1800.300669670105
    },
    {
      "config_ids": [
        3
      ],
      "costs": [
        11724.870007276535
      ],
      "trial": 3,
      "walltime": 5400.858487129211
    },
    {
      "config_ids": [
        30
      ],
      "costs": [
        11591.84199500084
      ],
      "trial": 30,
      "walltime": 54014.255296230316
    },
    {
      "config_ids": [
        33
      ],
      "costs": [
        11337.195209503174
      ],
      "trial": 33,
      "walltime": 59415.115997076035
    }
  ],
  "state": {
    "queue": [
      [
        50,
        1
      ]
    ]
  }
}