{
  "incumbent_ids": [
    2
  ],
  "rejected_config_ids": [
    1,
    3,
    4,
    5,
    6,
    7,
    8,
    9,
    10
  ],
  "incumbents_changed": 2,
  "trajectory": [
    {
      "config_ids": [
        1
      ],
      "costs": [
        64342.53902745247
      ],
      "trial": 1,
      "walltime": 34347.39984989166
    },
    {
      "config_ids": [
        2
      ],
      "costs": [
        63764.431425094604
      ],
      "trial": 2,
      "walltime": 68118.98405218124
    }
  ],
  "state": {
    "queue": [
      [
        10,
        1
      ]
    ]
  }
}