{
  "incumbent_ids": [
    48
  ],
  "rejected_config_ids": [
    2,
    3,
    4,
    5,
    6,
    7,
    8,
    9,
    10,
    11,
    12,
    13,
    14,
    15,
    16,
    17,
    1,
    19,
    20,
    21,
    22,
    23,
    24,
    25,
    26,
    27,
    28,
    29,
    30,
    31,
    32,
    33,
    34,
    35,
    36,
    37,
    38,
    39,
    40,
    41,
    42,
    43,
    44,
    45,
    46,
    47,
    18,
    49,
    50
  ],
  "incumbents_changed": 3,
  "trajectory": [
    {
      "config_ids": [
        1
      ],
      "costs": [
        29561.892399787903
      ],
      "trial": 1,
      "walltime": 1800.3839082717896
    },
    {
      "config_ids": [
        18
      ],
      "costs": [
        27526.733825683594
      ],
      "trial": 18,
      "walltime": 32408.492797613144
    },
    {
      "config_ids": [
        48
      ],
      "costs": [
        27065.52916955948
      ],
      "trial": 48,
      "walltime": 86426.58302426338
    }
  ],
  "state": {
    "queue": [
      [
        50,
        1
      ]
    ]
  }
}